<?xml version = '1.0' encoding = 'UTF-8'?>
<Entity class="oracle.dbtools.crest.model.design.logical.Entity" directorySegmentName="seg_0" id="9B111F72-39C0-864B-E5DF-5C868C7B240C" name="nacionalidad">
<createdBy>umayor</createdBy>
<createdTime>2025-08-27 14:12:17 UTC</createdTime>
<ownerDesignName>modelo_v2_270825</ownerDesignName>
<engineerTo>
<item key="8A2F92C2-95B4-CFCA-78F4-4842DD3DCB77" value="true"/>
</engineerTo>
<adequatelyNormalized>NO</adequatelyNormalized>
<expectedVolumes>0</expectedVolumes>
<fwdEngineeringStrategyName>Single Table</fwdEngineeringStrategyName>
<growthPercent>0</growthPercent>
<growthType>Year</growthType>
<maxVolumes>9999999</maxVolumes>
<minVolumes>0</minVolumes>
<normalForm>Third</normalForm>
<attributes itemClass="oracle.dbtools.crest.model.design.logical.Attribute">
<Attribute name="id" id="0EC90731-BC87-0A33-B4C1-C8B67FE0050A">
<createdBy>umayor</createdBy>
<createdTime>2025-08-27 14:12:17 UTC</createdTime>
<ownerDesignName>modelo_v2_270825</ownerDesignName>
<engineerTo>
<item key="8A2F92C2-95B4-CFCA-78F4-4842DD3DCB77" value="true"/>
</engineerTo>
<useDomainConstraints>false</useDomainConstraints>
<use>1</use>
<logicalDatatype>LOGDT019</logicalDatatype>
<dataTypePrecision>8</dataTypePrecision>
<ownDataTypeParameters>,8,</ownDataTypeParameters>
</Attribute>
<Attribute name="nombre" id="E23B150E-AC37-4B13-F188-713CD90EA625">
<createdBy>umayor</createdBy>
<createdTime>2025-08-27 14:12:17 UTC</createdTime>
<ownerDesignName>modelo_v2_270825</ownerDesignName>
<engineerTo>
<item key="8A2F92C2-95B4-CFCA-78F4-4842DD3DCB77" value="true"/>
</engineerTo>
<useDomainConstraints>false</useDomainConstraints>
<use>1</use>
<logicalDatatype>LOGDT024</logicalDatatype>
<dataTypeSize>50</dataTypeSize>
<ownDataTypeParameters>50,,</ownDataTypeParameters>
</Attribute>
<Attribute name="activo" id="B2D59C5D-0F6C-7105-FFD2-496F6D898861">
<createdBy>umayor</createdBy>
<createdTime>2025-08-27 14:12:17 UTC</createdTime>
<ownerDesignName>modelo_v2_270825</ownerDesignName>
<engineerTo>
<item key="8A2F92C2-95B4-CFCA-78F4-4842DD3DCB77" value="true"/>
</engineerTo>
<useDomainConstraints>false</useDomainConstraints>
<use>1</use>
<logicalDatatype>LOGDT006</logicalDatatype>
<dataTypeSize>1</dataTypeSize>
<ownDataTypeParameters>1,,</ownDataTypeParameters>
</Attribute>
<Attribute name="created_at" id="875D6926-D8A3-BD79-5B56-76A2B4D13909">
<createdBy>umayor</createdBy>
<createdTime>2025-08-27 14:12:17 UTC</createdTime>
<ownerDesignName>modelo_v2_270825</ownerDesignName>
<engineerTo>
<item key="8A2F92C2-95B4-CFCA-78F4-4842DD3DCB77" value="true"/>
</engineerTo>
<useDomainConstraints>false</useDomainConstraints>
<use>1</use>
<logicalDatatype>LOGDT047</logicalDatatype>
<ownDataTypeParameters>,,</ownDataTypeParameters>
</Attribute>
<Attribute name="updated_at" id="1868E5CF-76C6-BC65-4428-503EBF0101A8">
<createdBy>umayor</createdBy>
<createdTime>2025-08-27 14:12:17 UTC</createdTime>
<ownerDesignName>modelo_v2_270825</ownerDesignName>
<engineerTo>
<item key="8A2F92C2-95B4-CFCA-78F4-4842DD3DCB77" value="true"/>
</engineerTo>
<useDomainConstraints>false</useDomainConstraints>
<use>1</use>
<logicalDatatype>LOGDT047</logicalDatatype>
<ownDataTypeParameters>,,</ownDataTypeParameters>
</Attribute>
</attributes>
<identifiers itemClass="oracle.dbtools.crest.model.design.logical.CandidateKey">
<identifier id="F05337F4-FAF1-6E74-DDD4-591FE6C89ACB" name="nacionalidad PK">
<createdBy>umayor</createdBy>
<createdTime>2025-08-27 14:17:13 UTC</createdTime>
<ownerDesignName>modelo_v2_270825</ownerDesignName>
<engineerTo>
<item key="8A2F92C2-95B4-CFCA-78F4-4842DD3DCB77" value="true"/>
</engineerTo>
<pk>true</pk>
<usedAttributes>
<attributeRef>0EC90731-BC87-0A33-B4C1-C8B67FE0050A</attributeRef>
</usedAttributes>
</identifier>
</identifiers>
</Entity>