<?xml version = '1.0' encoding = 'UTF-8'?>
<Entity class="oracle.dbtools.crest.model.design.logical.Entity" directorySegmentName="seg_0" id="BCBAA471-4624-D3BE-E95C-0F358F5B27F7" name="direccion_ubicacion">
<createdBy>umayor</createdBy>
<createdTime>2025-09-03 14:08:48 UTC</createdTime>
<ownerDesignName>modelo_v3_030925</ownerDesignName>
<engineerTo>
<item key="8A2F92C2-95B4-CFCA-78F4-4842DD3DCB77" value="true"/>
</engineerTo>
<adequatelyNormalized>NO</adequatelyNormalized>
<expectedVolumes>0</expectedVolumes>
<fwdEngineeringStrategyName>Single Table</fwdEngineeringStrategyName>
<growthPercent>0</growthPercent>
<growthType>Year</growthType>
<maxVolumes>9999999</maxVolumes>
<minVolumes>0</minVolumes>
<normalForm>Third</normalForm>
<attributes itemClass="oracle.dbtools.crest.model.design.logical.Attribute">
<Attribute name="id" id="DFA883A7-22C8-1CAA-D496-3A2AAEF085B9">
<createdBy>umayor</createdBy>
<createdTime>2025-09-03 14:08:48 UTC</createdTime>
<ownerDesignName>modelo_v3_030925</ownerDesignName>
<engineerTo>
<item key="8A2F92C2-95B4-CFCA-78F4-4842DD3DCB77" value="true"/>
</engineerTo>
<useDomainConstraints>false</useDomainConstraints>
<use>1</use>
<logicalDatatype>LOGDT019</logicalDatatype>
<dataTypePrecision>8</dataTypePrecision>
<ownDataTypeParameters>,8,</ownDataTypeParameters>
</Attribute>
<Attribute name="nombre" id="C1BB4348-B318-E28A-8862-DC7EB8AC4026">
<createdBy>umayor</createdBy>
<createdTime>2025-09-03 14:08:48 UTC</createdTime>
<ownerDesignName>modelo_v3_030925</ownerDesignName>
<engineerTo>
<item key="8A2F92C2-95B4-CFCA-78F4-4842DD3DCB77" value="true"/>
</engineerTo>
<useDomainConstraints>false</useDomainConstraints>
<use>1</use>
<logicalDatatype>LOGDT024</logicalDatatype>
<dataTypeSize>50</dataTypeSize>
<ownDataTypeParameters>50,,</ownDataTypeParameters>
</Attribute>
<Attribute name="activo" id="19CA4B80-528F-8A5E-DC9A-06FBAAA5B77E">
<createdBy>umayor</createdBy>
<createdTime>2025-09-03 14:08:48 UTC</createdTime>
<ownerDesignName>modelo_v3_030925</ownerDesignName>
<engineerTo>
<item key="8A2F92C2-95B4-CFCA-78F4-4842DD3DCB77" value="true"/>
</engineerTo>
<useDomainConstraints>false</useDomainConstraints>
<use>1</use>
<logicalDatatype>LOGDT006</logicalDatatype>
<dataTypeSize>1</dataTypeSize>
<ownDataTypeParameters>1,,</ownDataTypeParameters>
</Attribute>
<Attribute name="created_at" id="75FE701B-1C81-A93E-608B-68E803E4A65E">
<createdBy>umayor</createdBy>
<createdTime>2025-09-03 14:08:48 UTC</createdTime>
<ownerDesignName>modelo_v3_030925</ownerDesignName>
<engineerTo>
<item key="8A2F92C2-95B4-CFCA-78F4-4842DD3DCB77" value="true"/>
</engineerTo>
<useDomainConstraints>false</useDomainConstraints>
<use>1</use>
<logicalDatatype>LOGDT047</logicalDatatype>
<ownDataTypeParameters>,,</ownDataTypeParameters>
</Attribute>
<Attribute name="updated_at" id="23359A39-ECDC-1872-52FB-E5E51EC3751B">
<createdBy>umayor</createdBy>
<createdTime>2025-09-03 14:08:48 UTC</createdTime>
<ownerDesignName>modelo_v3_030925</ownerDesignName>
<engineerTo>
<item key="8A2F92C2-95B4-CFCA-78F4-4842DD3DCB77" value="true"/>
</engineerTo>
<useDomainConstraints>false</useDomainConstraints>
<use>1</use>
<logicalDatatype>LOGDT047</logicalDatatype>
<ownDataTypeParameters>,,</ownDataTypeParameters>
</Attribute>
<Attribute name="id1" id="77E38FF3-32F6-30A5-B369-485AD75C199B">
<createdBy>umayor</createdBy>
<createdTime>2025-09-03 14:09:45 UTC</createdTime>
<generatorID>5F5C99B5-7495-EB30-788B-5068CF39DE40</generatorID>
<ownerDesignName>modelo_v3_030925</ownerDesignName>
<engineerTo>
<item key="8A2F92C2-95B4-CFCA-78F4-4842DD3DCB77" value="true"/>
</engineerTo>
<referedAttribute>4854EC0B-BB05-1FAC-CB70-C1B8C05972BB</referedAttribute>
<useDomainConstraints>false</useDomainConstraints>
<use>1</use>
<logicalDatatype>LOGDT019</logicalDatatype>
<dataTypePrecision>8</dataTypePrecision>
<ownDataTypeParameters>,,</ownDataTypeParameters>
</Attribute>
<Attribute name="id2" id="8BD142FE-DDCC-2B52-8EC6-FC450D69A141">
<createdBy>umayor</createdBy>
<createdTime>2025-09-03 14:10:19 UTC</createdTime>
<generatorID>3EF2C7E8-84A6-EA11-EEAE-28ADC0DDE99D</generatorID>
<ownerDesignName>modelo_v3_030925</ownerDesignName>
<engineerTo>
<item key="8A2F92C2-95B4-CFCA-78F4-4842DD3DCB77" value="true"/>
</engineerTo>
<nullsAllowed>true</nullsAllowed>
<referedAttribute>DFA883A7-22C8-1CAA-D496-3A2AAEF085B9</referedAttribute>
<useDomainConstraints>false</useDomainConstraints>
<use>1</use>
<logicalDatatype>LOGDT019</logicalDatatype>
<dataTypePrecision>8</dataTypePrecision>
<ownDataTypeParameters>,,</ownDataTypeParameters>
</Attribute>
</attributes>
<identifiers itemClass="oracle.dbtools.crest.model.design.logical.CandidateKey">
<identifier id="7BB1F9CF-52A6-1705-32F9-F6A207808EC5" name="direccion_ubicacion PK">
<createdBy>umayor</createdBy>
<createdTime>2025-09-03 14:09:21 UTC</createdTime>
<ownerDesignName>modelo_v3_030925</ownerDesignName>
<engineerTo>
<item key="8A2F92C2-95B4-CFCA-78F4-4842DD3DCB77" value="true"/>
</engineerTo>
<pk>true</pk>
<usedAttributes>
<attributeRef>DFA883A7-22C8-1CAA-D496-3A2AAEF085B9</attributeRef>
</usedAttributes>
</identifier>
</identifiers>
</Entity>
