<?xml version = '1.0' encoding = 'UTF-8'?>
<Entity class="oracle.dbtools.crest.model.design.logical.Entity" directorySegmentName="seg_0" id="C6BC8ED1-1D94-67BB-F5E1-A19D100B560B" name="camponato">
<createdBy>umayor</createdBy>
<createdTime>2025-09-03 13:49:42 UTC</createdTime>
<ownerDesignName>modelo_v3_030925</ownerDesignName>
<engineerTo>
<item key="8A2F92C2-95B4-CFCA-78F4-4842DD3DCB77" value="true"/>
</engineerTo>
<adequatelyNormalized>NO</adequatelyNormalized>
<expectedVolumes>0</expectedVolumes>
<fwdEngineeringStrategyName>Single Table</fwdEngineeringStrategyName>
<growthPercent>0</growthPercent>
<growthType>Year</growthType>
<maxVolumes>9999999</maxVolumes>
<minVolumes>0</minVolumes>
<normalForm>Third</normalForm>
<attributes itemClass="oracle.dbtools.crest.model.design.logical.Attribute">
<Attribute name="id" id="568B1057-0C7A-B8A5-737B-E9F6A9583B4A">
<createdBy>umayor</createdBy>
<createdTime>2025-09-03 13:49:42 UTC</createdTime>
<ownerDesignName>modelo_v3_030925</ownerDesignName>
<engineerTo>
<item key="8A2F92C2-95B4-CFCA-78F4-4842DD3DCB77" value="true"/>
</engineerTo>
<useDomainConstraints>false</useDomainConstraints>
<use>1</use>
<logicalDatatype>LOGDT019</logicalDatatype>
<dataTypePrecision>8</dataTypePrecision>
<ownDataTypeParameters>,8,</ownDataTypeParameters>
</Attribute>
<Attribute name="nombre" id="A190C028-766C-3828-8DA1-37D5D3BB94F7">
<createdBy>umayor</createdBy>
<createdTime>2025-09-03 13:49:42 UTC</createdTime>
<ownerDesignName>modelo_v3_030925</ownerDesignName>
<engineerTo>
<item key="8A2F92C2-95B4-CFCA-78F4-4842DD3DCB77" value="true"/>
</engineerTo>
<useDomainConstraints>false</useDomainConstraints>
<use>1</use>
<logicalDatatype>LOGDT024</logicalDatatype>
<dataTypeSize>50</dataTypeSize>
<ownDataTypeParameters>50,,</ownDataTypeParameters>
</Attribute>
<Attribute name="cantidadEquipos" id="862CF032-9CD2-E300-7E74-5B6A7AC98A70">
<createdBy>umayor</createdBy>
<createdTime>2025-09-03 14:33:46 UTC</createdTime>
<ownerDesignName>modelo_v3_030925</ownerDesignName>
<engineerTo>
<item key="8A2F92C2-95B4-CFCA-78F4-4842DD3DCB77" value="true"/>
</engineerTo>
<nullsAllowed>true</nullsAllowed>
<useDomainConstraints>false</useDomainConstraints>
<use>1</use>
<logicalDatatype>LOGDT019</logicalDatatype>
<dataTypePrecision>8</dataTypePrecision>
<ownDataTypeParameters>,8,</ownDataTypeParameters>
</Attribute>
<Attribute name="activo" id="22AAA241-F96F-7EAE-0799-51AF77EF15F7">
<createdBy>umayor</createdBy>
<createdTime>2025-09-03 13:49:42 UTC</createdTime>
<ownerDesignName>modelo_v3_030925</ownerDesignName>
<engineerTo>
<item key="8A2F92C2-95B4-CFCA-78F4-4842DD3DCB77" value="true"/>
</engineerTo>
<useDomainConstraints>false</useDomainConstraints>
<use>1</use>
<logicalDatatype>LOGDT006</logicalDatatype>
<dataTypeSize>1</dataTypeSize>
<ownDataTypeParameters>1,,</ownDataTypeParameters>
</Attribute>
<Attribute name="created_at" id="6D20EBD6-FE88-ACAA-BD70-58122B55B1A3">
<createdBy>umayor</createdBy>
<createdTime>2025-09-03 13:49:42 UTC</createdTime>
<ownerDesignName>modelo_v3_030925</ownerDesignName>
<engineerTo>
<item key="8A2F92C2-95B4-CFCA-78F4-4842DD3DCB77" value="true"/>
</engineerTo>
<useDomainConstraints>false</useDomainConstraints>
<use>1</use>
<logicalDatatype>LOGDT047</logicalDatatype>
<ownDataTypeParameters>,,</ownDataTypeParameters>
</Attribute>
<Attribute name="updated_at" id="61D7814C-FF01-6131-A202-E07705865C27">
<createdBy>umayor</createdBy>
<createdTime>2025-09-03 13:49:42 UTC</createdTime>
<ownerDesignName>modelo_v3_030925</ownerDesignName>
<engineerTo>
<item key="8A2F92C2-95B4-CFCA-78F4-4842DD3DCB77" value="true"/>
</engineerTo>
<useDomainConstraints>false</useDomainConstraints>
<use>1</use>
<logicalDatatype>LOGDT047</logicalDatatype>
<ownDataTypeParameters>,,</ownDataTypeParameters>
</Attribute>
<Attribute name="id1" id="C7F2B0F9-B213-8D16-DA5A-48DD67DD3390">
<createdBy>umayor</createdBy>
<createdTime>2025-09-03 13:51:34 UTC</createdTime>
<generatorID>11F559C8-765C-E5AE-8E07-2CAE98A24C78</generatorID>
<ownerDesignName>modelo_v3_030925</ownerDesignName>
<engineerTo>
<item key="8A2F92C2-95B4-CFCA-78F4-4842DD3DCB77" value="true"/>
</engineerTo>
<referedAttribute>2DAFBCE8-DD56-C630-C779-627B54C8D035</referedAttribute>
<useDomainConstraints>false</useDomainConstraints>
<use>1</use>
<logicalDatatype>LOGDT019</logicalDatatype>
<dataTypePrecision>8</dataTypePrecision>
<ownDataTypeParameters>,,</ownDataTypeParameters>
</Attribute>
<Attribute name="id2" id="E0463778-E4CE-FB2F-C945-51D63A110660">
<createdBy>umayor</createdBy>
<createdTime>2025-09-03 14:29:33 UTC</createdTime>
<generatorID>F4FBBF02-E501-90E9-BE2D-13AEC8B1642F</generatorID>
<ownerDesignName>modelo_v3_030925</ownerDesignName>
<engineerTo>
<item key="8A2F92C2-95B4-CFCA-78F4-4842DD3DCB77" value="true"/>
</engineerTo>
<referedAttribute>7ADF9703-A250-63CB-B58B-9C07855AA70D</referedAttribute>
<useDomainConstraints>false</useDomainConstraints>
<use>1</use>
<logicalDatatype>LOGDT019</logicalDatatype>
<dataTypePrecision>8</dataTypePrecision>
<ownDataTypeParameters>,,</ownDataTypeParameters>
</Attribute>
</attributes>
<identifiers itemClass="oracle.dbtools.crest.model.design.logical.CandidateKey">
<identifier id="678E8809-2680-B656-4078-F37FF1F96A8E" name="camponato PK">
<createdBy>umayor</createdBy>
<createdTime>2025-09-03 13:54:36 UTC</createdTime>
<ownerDesignName>modelo_v3_030925</ownerDesignName>
<engineerTo>
<item key="8A2F92C2-95B4-CFCA-78F4-4842DD3DCB77" value="true"/>
</engineerTo>
<pk>true</pk>
<usedAttributes>
<attributeRef>568B1057-0C7A-B8A5-737B-E9F6A9583B4A</attributeRef>
</usedAttributes>
</identifier>
</identifiers>
</Entity>
