<?xml version = '1.0' encoding = 'UTF-8'?>
<Table class="oracle.dbtools.crest.model.design.relational.Table" directorySegmentName="seg_0" id="1586DFD0-2E24-B45F-BB3F-A9DD98CAD597" name="documento_identidad_tipo">
<createdBy>umayor</createdBy>
<createdTime>2025-08-27 14:35:19 UTC</createdTime>
<generatorID>790DB36F-D078-E0BC-A1C0-64E16A42CB4E</generatorID>
<ownerDesignName>modelo_v2_270825</ownerDesignName>
<allowColumnReorder>false</allowColumnReorder>
<existDependencyGenerateInDDl>true</existDependencyGenerateInDDl>
<parsed>true</parsed>
<columns itemClass="oracle.dbtools.crest.model.design.relational.Column">
<Column name="id" id="D188DF5C-334E-687A-1C57-F866FF70A38E">
<createdBy>umayor</createdBy>
<createdTime>2025-08-27 14:35:19 UTC</createdTime>
<generatorID>902F0246-E3AD-A196-E686-E5C60F8A2799</generatorID>
<ownerDesignName>modelo_v2_270825</ownerDesignName>
<useDomainConstraints>false</useDomainConstraints>
<use>1</use>
<logicalDatatype>LOGDT019</logicalDatatype>
<dataTypePrecision>8</dataTypePrecision>
<ownDataTypeParameters>,8,</ownDataTypeParameters>
<autoIncrementCycle>false</autoIncrementCycle>
</Column>
<Column name="nombre" id="96D91BC3-C306-0F7B-1F3B-79712184D652">
<createdBy>umayor</createdBy>
<createdTime>2025-08-27 14:35:19 UTC</createdTime>
<generatorID>63AC7806-2266-9A65-8210-1275C767DE86</generatorID>
<ownerDesignName>modelo_v2_270825</ownerDesignName>
<useDomainConstraints>false</useDomainConstraints>
<use>1</use>
<logicalDatatype>LOGDT024</logicalDatatype>
<dataTypeSize>50</dataTypeSize>
<ownDataTypeParameters>50,,</ownDataTypeParameters>
<autoIncrementCycle>false</autoIncrementCycle>
</Column>
<Column name="activo" id="6CD95DE9-959F-4AC3-F765-1C93FC4AF81D">
<createdBy>umayor</createdBy>
<createdTime>2025-08-27 14:35:19 UTC</createdTime>
<generatorID>111E389F-7AF3-2BD6-9D02-3727AB5C0E3F</generatorID>
<ownerDesignName>modelo_v2_270825</ownerDesignName>
<useDomainConstraints>false</useDomainConstraints>
<use>1</use>
<logicalDatatype>LOGDT006</logicalDatatype>
<dataTypeSize>1</dataTypeSize>
<ownDataTypeParameters>1,,</ownDataTypeParameters>
<autoIncrementCycle>false</autoIncrementCycle>
</Column>
<Column name="created_at" id="6BD981F2-BBA2-0C3D-CA6C-679D71F70023">
<createdBy>umayor</createdBy>
<createdTime>2025-08-27 14:35:19 UTC</createdTime>
<generatorID>7A7FFDC9-82B5-4076-838E-AA2EEED4CE0A</generatorID>
<ownerDesignName>modelo_v2_270825</ownerDesignName>
<useDomainConstraints>false</useDomainConstraints>
<use>1</use>
<logicalDatatype>LOGDT047</logicalDatatype>
<ownDataTypeParameters>,,</ownDataTypeParameters>
<autoIncrementCycle>false</autoIncrementCycle>
</Column>
<Column name="updated_at" id="8F8B79F8-7746-058E-CE6B-D8AA410B37A9">
<createdBy>umayor</createdBy>
<createdTime>2025-08-27 14:35:19 UTC</createdTime>
<generatorID>D451E29D-7B39-2819-72A4-8D9B3E408BB5</generatorID>
<ownerDesignName>modelo_v2_270825</ownerDesignName>
<useDomainConstraints>false</useDomainConstraints>
<use>1</use>
<logicalDatatype>LOGDT047</logicalDatatype>
<ownDataTypeParameters>,,</ownDataTypeParameters>
<autoIncrementCycle>false</autoIncrementCycle>
</Column>
</columns>
<indexes itemClass="oracle.dbtools.crest.model.design.relational.Index">
<ind_PK_UK id="B831E339-B0BB-E6FE-1062-171A700CBEEA" name="documento_identidad_tipo_PK">
<createdBy>umayor</createdBy>
<createdTime>2025-08-27 14:35:19 UTC</createdTime>
<generatorID>03EB8F29-BD54-28FA-C4BB-A7D47AD1E668</generatorID>
<ownerDesignName>modelo_v2_270825</ownerDesignName>
<pk>true</pk>
<indexState>Primary Constraint</indexState>
<isSurrogateKey>false</isSurrogateKey>
<indexColumnUsage>
<colUsage columnID="D188DF5C-334E-687A-1C57-F866FF70A38E"/>
</indexColumnUsage>
</ind_PK_UK>
</indexes>
</Table>