<?xml version = '1.0' encoding = 'UTF-8'?>
<Table class="oracle.dbtools.crest.model.design.relational.Table" directorySegmentName="seg_0" id="59CD27FA-16D6-4BC9-B349-21A12AB89E0E" name="direccion_tipo_calle">
<createdBy>umayor</createdBy>
<createdTime>2025-09-03 14:30:05 UTC</createdTime>
<generatorID>2A4676DA-C0BF-549A-6662-86E2FD112BA9</generatorID>
<ownerDesignName>modelo_v3_030925</ownerDesignName>
<allowColumnReorder>false</allowColumnReorder>
<existDependencyGenerateInDDl>true</existDependencyGenerateInDDl>
<parsed>true</parsed>
<columns itemClass="oracle.dbtools.crest.model.design.relational.Column">
<Column name="id" id="E4D93D0C-0B12-DB03-13E1-8AE91D80A23F">
<createdBy>umayor</createdBy>
<createdTime>2025-09-03 14:30:05 UTC</createdTime>
<generatorID>A75B6D2D-5B67-BF25-5CEF-E29F4B587E36</generatorID>
<ownerDesignName>modelo_v3_030925</ownerDesignName>
<useDomainConstraints>false</useDomainConstraints>
<use>1</use>
<logicalDatatype>LOGDT019</logicalDatatype>
<dataTypePrecision>8</dataTypePrecision>
<ownDataTypeParameters>,8,</ownDataTypeParameters>
<autoIncrementCycle>false</autoIncrementCycle>
</Column>
<Column name="nombre" id="E5E4DFBB-6031-0FCC-7C97-BF0EEB18E642">
<createdBy>umayor</createdBy>
<createdTime>2025-09-03 14:30:05 UTC</createdTime>
<generatorID>1035D303-D5D6-9266-1016-E82573B71D96</generatorID>
<ownerDesignName>modelo_v3_030925</ownerDesignName>
<useDomainConstraints>false</useDomainConstraints>
<use>1</use>
<logicalDatatype>LOGDT024</logicalDatatype>
<dataTypeSize>50</dataTypeSize>
<ownDataTypeParameters>50,,</ownDataTypeParameters>
<autoIncrementCycle>false</autoIncrementCycle>
</Column>
<Column name="activo" id="40B66248-3FD9-18A6-7F38-CA086AC82A5F">
<createdBy>umayor</createdBy>
<createdTime>2025-09-03 14:30:05 UTC</createdTime>
<generatorID>81EA4E0C-DFC8-E506-8F99-89C99B454B95</generatorID>
<ownerDesignName>modelo_v3_030925</ownerDesignName>
<useDomainConstraints>false</useDomainConstraints>
<use>1</use>
<logicalDatatype>LOGDT006</logicalDatatype>
<dataTypeSize>1</dataTypeSize>
<ownDataTypeParameters>1,,</ownDataTypeParameters>
<autoIncrementCycle>false</autoIncrementCycle>
</Column>
<Column name="created_at" id="CF581074-E746-F786-990E-DA07F1300815">
<createdBy>umayor</createdBy>
<createdTime>2025-09-03 14:30:05 UTC</createdTime>
<generatorID>99BB26CE-66F0-9939-4F6E-43454C615FDF</generatorID>
<ownerDesignName>modelo_v3_030925</ownerDesignName>
<useDomainConstraints>false</useDomainConstraints>
<use>1</use>
<logicalDatatype>LOGDT047</logicalDatatype>
<ownDataTypeParameters>,,</ownDataTypeParameters>
<autoIncrementCycle>false</autoIncrementCycle>
</Column>
<Column name="updated_at" id="512E3462-62E3-2F30-0F85-8CCE39B73C0F">
<createdBy>umayor</createdBy>
<createdTime>2025-09-03 14:30:05 UTC</createdTime>
<generatorID>8F0A2D72-B62C-F39E-8F3E-8B93E3168204</generatorID>
<ownerDesignName>modelo_v3_030925</ownerDesignName>
<useDomainConstraints>false</useDomainConstraints>
<use>1</use>
<logicalDatatype>LOGDT047</logicalDatatype>
<ownDataTypeParameters>,,</ownDataTypeParameters>
<autoIncrementCycle>false</autoIncrementCycle>
</Column>
</columns>
<indexes itemClass="oracle.dbtools.crest.model.design.relational.Index">
<ind_PK_UK id="874359A6-D3B6-E2BE-63C6-7023654F625C" name="direccion_tipo_calle_PK">
<createdBy>umayor</createdBy>
<createdTime>2025-09-03 14:30:05 UTC</createdTime>
<generatorID>C7F53114-C95F-3463-3F42-AAE65E983CD0</generatorID>
<ownerDesignName>modelo_v3_030925</ownerDesignName>
<pk>true</pk>
<indexState>Primary Constraint</indexState>
<isSurrogateKey>false</isSurrogateKey>
<indexColumnUsage>
<colUsage columnID="E4D93D0C-0B12-DB03-13E1-8AE91D80A23F"/>
</indexColumnUsage>
</ind_PK_UK>
</indexes>
</Table>
