<?xml version = '1.0' encoding = 'UTF-8'?>
<Table class="oracle.dbtools.crest.model.design.relational.Table" directorySegmentName="seg_0" id="74EDAD26-836E-86A5-65A7-5E0C834CDF9F" name="persona_medios_de_contacto">
<createdBy>umayor</createdBy>
<createdTime>2025-09-03 14:30:05 UTC</createdTime>
<ownerDesignName>modelo_v3_030925</ownerDesignName>
<allowColumnReorder>false</allowColumnReorder>
<existDependencyGenerateInDDl>true</existDependencyGenerateInDDl>
<parsed>true</parsed>
<columns itemClass="oracle.dbtools.crest.model.design.relational.Column">
<Column name="persona_id" id="D6DB0F0E-EF2D-4607-4F67-51B94637D3AF">
<createdBy>umayor</createdBy>
<createdTime>2025-09-03 14:30:05 UTC</createdTime>
<ownerDesignName>modelo_v3_030925</ownerDesignName>
<useDomainConstraints>false</useDomainConstraints>
<use>1</use>
<logicalDatatype>LOGDT019</logicalDatatype>
<dataTypePrecision>8</dataTypePrecision>
<ownDataTypeParameters>,,</ownDataTypeParameters>
<previousColumn>false</previousColumn>
<autoIncrementCycle>false</autoIncrementCycle>
<associations>
<colAssociation fkAssociation="28AEE24E-5C8A-E4D2-3219-B806194FB4A9" referredColumn="DF81BC4F-FFA1-F081-5A42-D33E4E27CCDB"/>
</associations>
</Column>
<Column name="medio_contacto_id" id="4DB5C7DA-93A6-CB03-198C-6555660E8B30">
<createdBy>umayor</createdBy>
<createdTime>2025-09-03 14:30:05 UTC</createdTime>
<ownerDesignName>modelo_v3_030925</ownerDesignName>
<useDomainConstraints>false</useDomainConstraints>
<use>1</use>
<logicalDatatype>LOGDT019</logicalDatatype>
<dataTypePrecision>8</dataTypePrecision>
<ownDataTypeParameters>,,</ownDataTypeParameters>
<previousColumn>false</previousColumn>
<autoIncrementCycle>false</autoIncrementCycle>
<associations>
<colAssociation fkAssociation="DA3C2019-ACE4-82E4-80A1-B39F841AA6D6" referredColumn="8148464F-1F51-AB1C-673E-F80709BBF923"/>
</associations>
</Column>
<Column name="id" id="A4498164-C7BE-CD6D-D99A-8BA6E056857C">
<createdBy>umayor</createdBy>
<createdTime>2025-09-03 14:30:05 UTC</createdTime>
<generatorID>3D19C411-1A25-2614-B211-E24587B73B79</generatorID>
<ownerDesignName>modelo_v3_030925</ownerDesignName>
<nullsAllowed>true</nullsAllowed>
<useDomainConstraints>false</useDomainConstraints>
<use>1</use>
<logicalDatatype>LOGDT019</logicalDatatype>
<dataTypePrecision>8</dataTypePrecision>
<dataTypeScale>0</dataTypeScale>
<ownDataTypeParameters>,8,0</ownDataTypeParameters>
<autoIncrementCycle>false</autoIncrementCycle>
<isRelationshipColumn>true</isRelationshipColumn>
</Column>
<Column name="valor" id="6B1B3132-6A6C-6FD6-7E16-2800CC763FB5">
<createdBy>umayor</createdBy>
<createdTime>2025-09-03 14:30:05 UTC</createdTime>
<generatorID>E8A57773-5560-1447-B766-BCAEFA03DD93</generatorID>
<ownerDesignName>modelo_v3_030925</ownerDesignName>
<useDomainConstraints>false</useDomainConstraints>
<use>1</use>
<logicalDatatype>LOGDT024</logicalDatatype>
<dataTypeSize>100</dataTypeSize>
<ownDataTypeParameters>100,,</ownDataTypeParameters>
<autoIncrementCycle>false</autoIncrementCycle>
<isRelationshipColumn>true</isRelationshipColumn>
<isDependOnFK_AsMandatory>true</isDependOnFK_AsMandatory>
</Column>
<Column name="activo" id="5285572D-E341-8A6C-16F6-B8C54E97FBBB">
<createdBy>umayor</createdBy>
<createdTime>2025-09-03 14:30:05 UTC</createdTime>
<generatorID>4066F4CC-FF85-5F5E-9B13-A1A3CE06FB99</generatorID>
<ownerDesignName>modelo_v3_030925</ownerDesignName>
<useDomainConstraints>false</useDomainConstraints>
<use>1</use>
<logicalDatatype>LOGDT006</logicalDatatype>
<dataTypeSize>1</dataTypeSize>
<ownDataTypeParameters>1,,</ownDataTypeParameters>
<autoIncrementCycle>false</autoIncrementCycle>
<isRelationshipColumn>true</isRelationshipColumn>
<isDependOnFK_AsMandatory>true</isDependOnFK_AsMandatory>
</Column>
<Column name="created_at" id="D1A99954-3F12-3932-0E3A-8F2EFE24C12F">
<createdBy>umayor</createdBy>
<createdTime>2025-09-03 14:30:05 UTC</createdTime>
<generatorID>34C12DB7-80B8-6B08-DAB4-281672DFFBCF</generatorID>
<ownerDesignName>modelo_v3_030925</ownerDesignName>
<useDomainConstraints>false</useDomainConstraints>
<use>1</use>
<logicalDatatype>LOGDT046</logicalDatatype>
<dataTypePrecision>6</dataTypePrecision>
<dataTypeScale>0</dataTypeScale>
<ownDataTypeParameters>,6,0</ownDataTypeParameters>
<autoIncrementCycle>false</autoIncrementCycle>
<isRelationshipColumn>true</isRelationshipColumn>
<isDependOnFK_AsMandatory>true</isDependOnFK_AsMandatory>
</Column>
<Column name="updated_at" id="809BD6F9-E238-1549-2A3E-72B998A204C4">
<createdBy>umayor</createdBy>
<createdTime>2025-09-03 14:30:05 UTC</createdTime>
<generatorID>57DB54F4-928B-EB36-D3FF-489DD5CD87A0</generatorID>
<ownerDesignName>modelo_v3_030925</ownerDesignName>
<useDomainConstraints>false</useDomainConstraints>
<use>1</use>
<logicalDatatype>LOGDT046</logicalDatatype>
<dataTypePrecision>6</dataTypePrecision>
<dataTypeScale>0</dataTypeScale>
<ownDataTypeParameters>,6,0</ownDataTypeParameters>
<autoIncrementCycle>false</autoIncrementCycle>
<isRelationshipColumn>true</isRelationshipColumn>
<isDependOnFK_AsMandatory>true</isDependOnFK_AsMandatory>
</Column>
</columns>
<indexes itemClass="oracle.dbtools.crest.model.design.relational.Index">
<ind_PK_UK id="F916FF02-7DEA-9013-6511-A1AB52E7736B" name="persona_medios_de_contacto_PK">
<createdBy>umayor</createdBy>
<createdTime>2025-09-03 14:30:05 UTC</createdTime>
<ownerDesignName>modelo_v3_030925</ownerDesignName>
<pk>true</pk>
<indexState>Primary Constraint</indexState>
<isSurrogateKey>false</isSurrogateKey>
<indexColumnUsage>
<colUsage columnID="D6DB0F0E-EF2D-4607-4F67-51B94637D3AF"/>
<colUsage columnID="4DB5C7DA-93A6-CB03-198C-6555660E8B30"/>
</indexColumnUsage>
</ind_PK_UK>
<ind_PK_UK id="6343F4D5-6974-DC33-DEF9-42CB20F13729" name="persona_medios_de_contacto_persona_FK">
<createdBy>umayor</createdBy>
<createdTime>2025-09-03 14:30:05 UTC</createdTime>
<generatorID>0D7D52B2-939D-17F9-672C-51CAB5A32452</generatorID>
<ownerDesignName>modelo_v3_030925</ownerDesignName>
<indexState>Foreign Key</indexState>
<isSurrogateKey>false</isSurrogateKey>
<indexColumnUsage>
<colUsage columnID="D6DB0F0E-EF2D-4607-4F67-51B94637D3AF"/>
</indexColumnUsage>
</ind_PK_UK>
<ind_PK_UK id="8C6F3E34-B407-4D77-F2BF-BA6E41F29CEA" name="persona_medios_de_contacto_medio_contacto_FK">
<createdBy>umayor</createdBy>
<createdTime>2025-09-03 14:30:05 UTC</createdTime>
<generatorID>0D7D52B2-939D-17F9-672C-51CAB5A32452</generatorID>
<ownerDesignName>modelo_v3_030925</ownerDesignName>
<indexState>Foreign Key</indexState>
<isSurrogateKey>false</isSurrogateKey>
<indexColumnUsage>
<colUsage columnID="4DB5C7DA-93A6-CB03-198C-6555660E8B30"/>
</indexColumnUsage>
</ind_PK_UK>
</indexes>
</Table>
