<?xml version = '1.0' encoding = 'UTF-8'?>
<Table class="oracle.dbtools.crest.model.design.relational.Table" directorySegmentName="seg_0" id="A9436700-60CB-EE17-BBAD-B088C5CD4D78" name="documento_identidad">
<createdBy>umayor</createdBy>
<createdTime>2025-08-27 14:35:19 UTC</createdTime>
<generatorID>8ADBEF14-65E7-DA67-720C-49207C4C8131</generatorID>
<ownerDesignName>modelo_v2_270825</ownerDesignName>
<allowColumnReorder>false</allowColumnReorder>
<existDependencyGenerateInDDl>true</existDependencyGenerateInDDl>
<parsed>true</parsed>
<columns itemClass="oracle.dbtools.crest.model.design.relational.Column">
<Column name="id" id="7604F4F5-3406-BBAE-C0B2-3CC679D6169E">
<createdBy>umayor</createdBy>
<createdTime>2025-08-27 14:35:19 UTC</createdTime>
<generatorID>E9B539F7-9C14-99B5-FB2D-D31630C7D879</generatorID>
<ownerDesignName>modelo_v2_270825</ownerDesignName>
<useDomainConstraints>false</useDomainConstraints>
<use>1</use>
<logicalDatatype>LOGDT019</logicalDatatype>
<dataTypePrecision>8</dataTypePrecision>
<ownDataTypeParameters>,8,</ownDataTypeParameters>
<autoIncrementCycle>false</autoIncrementCycle>
</Column>
<Column name="valor" id="C456DE17-2817-025B-C886-89FE4F8E60F2">
<createdBy>umayor</createdBy>
<createdTime>2025-08-27 14:35:19 UTC</createdTime>
<generatorID>035CC726-D14E-9F7F-7EED-8AC4F72177BC</generatorID>
<ownerDesignName>modelo_v2_270825</ownerDesignName>
<useDomainConstraints>false</useDomainConstraints>
<use>1</use>
<logicalDatatype>LOGDT024</logicalDatatype>
<dataTypeSize>50</dataTypeSize>
<ownDataTypeParameters>50,,</ownDataTypeParameters>
<autoIncrementCycle>false</autoIncrementCycle>
</Column>
<Column name="activo" id="BF1F5946-44BC-B1EE-B193-63D6548A9CE1">
<createdBy>umayor</createdBy>
<createdTime>2025-08-27 14:35:19 UTC</createdTime>
<generatorID>32531470-A9BE-505A-3D95-A03BB67442B7</generatorID>
<ownerDesignName>modelo_v2_270825</ownerDesignName>
<useDomainConstraints>false</useDomainConstraints>
<use>1</use>
<logicalDatatype>LOGDT006</logicalDatatype>
<dataTypeSize>1</dataTypeSize>
<ownDataTypeParameters>1,,</ownDataTypeParameters>
<autoIncrementCycle>false</autoIncrementCycle>
</Column>
<Column name="created_at" id="570C76B2-9275-9BAB-8E50-DDE7753D2113">
<createdBy>umayor</createdBy>
<createdTime>2025-08-27 14:35:19 UTC</createdTime>
<generatorID>5D212E79-76BF-9771-08A3-8AA426D40CFC</generatorID>
<ownerDesignName>modelo_v2_270825</ownerDesignName>
<useDomainConstraints>false</useDomainConstraints>
<use>1</use>
<logicalDatatype>LOGDT047</logicalDatatype>
<ownDataTypeParameters>,,</ownDataTypeParameters>
<autoIncrementCycle>false</autoIncrementCycle>
</Column>
<Column name="updated_at" id="5E8D5C32-E014-1999-CB91-492B9E631B1E">
<createdBy>umayor</createdBy>
<createdTime>2025-08-27 14:35:19 UTC</createdTime>
<generatorID>5870FA6A-3A84-2942-FE37-92F0F8B20327</generatorID>
<ownerDesignName>modelo_v2_270825</ownerDesignName>
<useDomainConstraints>false</useDomainConstraints>
<use>1</use>
<logicalDatatype>LOGDT047</logicalDatatype>
<ownDataTypeParameters>,,</ownDataTypeParameters>
<autoIncrementCycle>false</autoIncrementCycle>
</Column>
<Column name="documento_identidad_tipo_id" id="D5E165B6-8080-A421-76AC-A3CA8E411C4F">
<createdBy>umayor</createdBy>
<createdTime>2025-08-27 14:35:19 UTC</createdTime>
<generatorID>B6C1A5DA-32AA-ACEB-3641-23A9CE451598</generatorID>
<ownerDesignName>modelo_v2_270825</ownerDesignName>
<useDomainConstraints>false</useDomainConstraints>
<use>1</use>
<logicalDatatype>LOGDT019</logicalDatatype>
<dataTypePrecision>8</dataTypePrecision>
<ownDataTypeParameters>,,</ownDataTypeParameters>
<previousColumn>false</previousColumn>
<autoIncrementCycle>false</autoIncrementCycle>
<associations>
<colAssociation fkAssociation="6F7C778A-F34C-7B17-B623-9D7DC8039503" referredColumn="D188DF5C-334E-687A-1C57-F866FF70A38E"/>
</associations>
</Column>
<Column name="nacionalidad_id" id="DCD9295A-F002-3F01-F0F6-FA42F21428CA">
<createdBy>umayor</createdBy>
<createdTime>2025-08-27 14:35:19 UTC</createdTime>
<generatorID>272716C4-3422-1B23-EAF9-6FD7FB3FA5F2</generatorID>
<ownerDesignName>modelo_v2_270825</ownerDesignName>
<useDomainConstraints>false</useDomainConstraints>
<use>1</use>
<logicalDatatype>LOGDT019</logicalDatatype>
<dataTypePrecision>8</dataTypePrecision>
<ownDataTypeParameters>,,</ownDataTypeParameters>
<previousColumn>false</previousColumn>
<autoIncrementCycle>false</autoIncrementCycle>
<associations>
<colAssociation fkAssociation="8883C253-4393-D286-20CE-FDB9DE23F157" referredColumn="54BEC8F3-1201-8813-06E2-9653065CD686"/>
</associations>
</Column>
<Column name="persona_id" id="9698CB83-9755-F497-783D-1E5D7505396E">
<createdBy>umayor</createdBy>
<createdTime>2025-08-27 14:35:19 UTC</createdTime>
<generatorID>67502B32-DA2C-7F90-A23B-88DD7AEFF13C</generatorID>
<ownerDesignName>modelo_v2_270825</ownerDesignName>
<useDomainConstraints>false</useDomainConstraints>
<use>1</use>
<logicalDatatype>LOGDT019</logicalDatatype>
<dataTypePrecision>8</dataTypePrecision>
<ownDataTypeParameters>,,</ownDataTypeParameters>
<previousColumn>false</previousColumn>
<autoIncrementCycle>false</autoIncrementCycle>
<associations>
<colAssociation fkAssociation="236DAA57-4D80-62DE-808D-9FF175CA5535" referredColumn="DF81BC4F-FFA1-F081-5A42-D33E4E27CCDB"/>
</associations>
</Column>
</columns>
<indexes itemClass="oracle.dbtools.crest.model.design.relational.Index">
<ind_PK_UK id="82E2A25E-098F-117C-25FB-4CCF306A49EB" name="documento_identidad_PK">
<createdBy>umayor</createdBy>
<createdTime>2025-08-27 14:35:19 UTC</createdTime>
<generatorID>EF211302-2640-3009-203B-A5EF41E6991B</generatorID>
<ownerDesignName>modelo_v2_270825</ownerDesignName>
<pk>true</pk>
<indexState>Primary Constraint</indexState>
<isSurrogateKey>false</isSurrogateKey>
<indexColumnUsage>
<colUsage columnID="7604F4F5-3406-BBAE-C0B2-3CC679D6169E"/>
</indexColumnUsage>
</ind_PK_UK>
<ind_PK_UK id="457F3AB9-E0B0-73C4-1780-4FAD33D22D06" name="documento_identidad_documento_identidad_tipo_FK">
<createdBy>umayor</createdBy>
<createdTime>2025-08-27 14:35:19 UTC</createdTime>
<generatorID>CD2C80E6-03A8-3EEB-E4F4-042BA1B89652</generatorID>
<ownerDesignName>modelo_v2_270825</ownerDesignName>
<indexState>Foreign Key</indexState>
<isSurrogateKey>false</isSurrogateKey>
<indexColumnUsage>
<colUsage columnID="D5E165B6-8080-A421-76AC-A3CA8E411C4F"/>
</indexColumnUsage>
</ind_PK_UK>
<ind_PK_UK id="F9374FE3-FB1F-E369-A3F5-33EE6D13C2C8" name="documento_identidad_nacionalidad_FK">
<createdBy>umayor</createdBy>
<createdTime>2025-08-27 14:35:19 UTC</createdTime>
<generatorID>23C841CB-4218-385F-64A3-D631A7201FDB</generatorID>
<ownerDesignName>modelo_v2_270825</ownerDesignName>
<indexState>Foreign Key</indexState>
<isSurrogateKey>false</isSurrogateKey>
<indexColumnUsage>
<colUsage columnID="DCD9295A-F002-3F01-F0F6-FA42F21428CA"/>
</indexColumnUsage>
</ind_PK_UK>
<ind_PK_UK id="B1AD9D0B-797C-FA09-88B1-4149A56A3A4B" name="documento_identidad_persona_FK">
<createdBy>umayor</createdBy>
<createdTime>2025-08-27 14:35:19 UTC</createdTime>
<generatorID>4B8549EA-8964-5D26-A90A-01E789D78D6D</generatorID>
<ownerDesignName>modelo_v2_270825</ownerDesignName>
<indexState>Foreign Key</indexState>
<isSurrogateKey>false</isSurrogateKey>
<indexColumnUsage>
<colUsage columnID="9698CB83-9755-F497-783D-1E5D7505396E"/>
</indexColumnUsage>
</ind_PK_UK>
</indexes>
</Table>