<?xml version = '1.0' encoding = 'UTF-8'?>
<Table class="oracle.dbtools.crest.model.design.relational.Table" directorySegmentName="seg_0" id="B736ADD6-CB1E-88A9-DC5D-926153233FAD" name="integrante">
<createdBy>umayor</createdBy>
<createdTime>2025-08-27 14:07:01 UTC</createdTime>
<generatorID>323EF760-7BE7-030B-2A15-FD7A48C55A68</generatorID>
<ownerDesignName>modelo_v3_030925</ownerDesignName>
<allowColumnReorder>false</allowColumnReorder>
<existDependencyGenerateInDDl>true</existDependencyGenerateInDDl>
<parsed>true</parsed>
<columns itemClass="oracle.dbtools.crest.model.design.relational.Column">
<Column name="id" id="2C82269C-E795-950A-89DB-CD76B9789F0A">
<createdBy>umayor</createdBy>
<createdTime>2025-08-27 14:07:01 UTC</createdTime>
<generatorID>53084F54-7D19-D844-D6B9-C4037A2DCD88</generatorID>
<ownerDesignName>modelo_v3_030925</ownerDesignName>
<useDomainConstraints>false</useDomainConstraints>
<use>1</use>
<logicalDatatype>LOGDT019</logicalDatatype>
<dataTypePrecision>8</dataTypePrecision>
<ownDataTypeParameters>,8,</ownDataTypeParameters>
<autoIncrementCycle>false</autoIncrementCycle>
</Column>
<Column name="peso" id="B1017AA9-0EFB-04FB-5D4D-FF425FABFB49">
<createdBy>umayor</createdBy>
<createdTime>2025-08-27 14:07:01 UTC</createdTime>
<generatorID>C6638D80-42BD-1E6E-ADAD-D55FC7DDD644</generatorID>
<ownerDesignName>modelo_v3_030925</ownerDesignName>
<nullsAllowed>true</nullsAllowed>
<useDomainConstraints>false</useDomainConstraints>
<use>1</use>
<logicalDatatype>LOGDT019</logicalDatatype>
<dataTypePrecision>6</dataTypePrecision>
<dataTypeScale>3</dataTypeScale>
<ownDataTypeParameters>,6,3</ownDataTypeParameters>
<autoIncrementCycle>false</autoIncrementCycle>
</Column>
<Column name="activo" id="CA23990E-A72C-661E-96D4-D00A15B6921F">
<createdBy>umayor</createdBy>
<createdTime>2025-08-27 14:07:01 UTC</createdTime>
<generatorID>38CFFD27-B2E6-0D7D-0D43-73A063BF3F6E</generatorID>
<ownerDesignName>modelo_v3_030925</ownerDesignName>
<useDomainConstraints>false</useDomainConstraints>
<use>1</use>
<logicalDatatype>LOGDT006</logicalDatatype>
<dataTypeSize>1</dataTypeSize>
<ownDataTypeParameters>1,,</ownDataTypeParameters>
<autoIncrementCycle>false</autoIncrementCycle>
</Column>
<Column name="created_at" id="ED9FE78B-5AAC-EA1F-8E51-E8BC4DD3B1A3">
<createdBy>umayor</createdBy>
<createdTime>2025-08-27 14:07:01 UTC</createdTime>
<generatorID>7E87975F-355B-8DD5-65FC-8E53ABC154AC</generatorID>
<ownerDesignName>modelo_v3_030925</ownerDesignName>
<useDomainConstraints>false</useDomainConstraints>
<use>1</use>
<logicalDatatype>LOGDT047</logicalDatatype>
<ownDataTypeParameters>,,</ownDataTypeParameters>
<autoIncrementCycle>false</autoIncrementCycle>
</Column>
<Column name="updated_at" id="5F48CCE8-E7CD-0592-63CE-5C6B66DA6B1E">
<createdBy>umayor</createdBy>
<createdTime>2025-08-27 14:07:01 UTC</createdTime>
<generatorID>FEAF35F7-BD20-9593-1060-88DFC8E04E5C</generatorID>
<ownerDesignName>modelo_v3_030925</ownerDesignName>
<useDomainConstraints>false</useDomainConstraints>
<use>1</use>
<logicalDatatype>LOGDT047</logicalDatatype>
<ownDataTypeParameters>,,</ownDataTypeParameters>
<autoIncrementCycle>false</autoIncrementCycle>
</Column>
<Column name="estatura" id="52B121C0-58D8-0AEA-BF14-CD64C79A15AA">
<createdBy>umayor</createdBy>
<createdTime>2025-09-03 14:30:05 UTC</createdTime>
<generatorID>A1336E62-CB0F-E8A3-FD18-798697E9E925</generatorID>
<ownerDesignName>modelo_v3_030925</ownerDesignName>
<nullsAllowed>true</nullsAllowed>
<useDomainConstraints>false</useDomainConstraints>
<use>1</use>
<logicalDatatype>LOGDT019</logicalDatatype>
<dataTypePrecision>6</dataTypePrecision>
<dataTypeScale>3</dataTypeScale>
<ownDataTypeParameters>,6,3</ownDataTypeParameters>
<autoIncrementCycle>false</autoIncrementCycle>
</Column>
<Column name="persona_id" id="E00BF851-E821-B0CE-F56D-164CD4A3CE67">
<createdBy>umayor</createdBy>
<createdTime>2025-09-03 14:30:05 UTC</createdTime>
<generatorID>0B2A1C6B-5D5A-2F49-F1BE-C798E263A248</generatorID>
<ownerDesignName>modelo_v3_030925</ownerDesignName>
<useDomainConstraints>false</useDomainConstraints>
<use>1</use>
<logicalDatatype>LOGDT019</logicalDatatype>
<dataTypePrecision>8</dataTypePrecision>
<ownDataTypeParameters>,,</ownDataTypeParameters>
<previousColumn>false</previousColumn>
<autoIncrementCycle>false</autoIncrementCycle>
<associations>
<colAssociation fkAssociation="9A6C7F35-32A1-821B-0D93-D69A267F3E46" referredColumn="DF81BC4F-FFA1-F081-5A42-D33E4E27CCDB"/>
</associations>
</Column>
</columns>
<indexes itemClass="oracle.dbtools.crest.model.design.relational.Index">
<ind_PK_UK id="323AF82C-B556-FC7D-B6AA-3341B00BBC28" name="integrante_PK">
<createdBy>umayor</createdBy>
<createdTime>2025-09-03 14:30:05 UTC</createdTime>
<generatorID>D8843747-EDDC-18C6-26FC-959C5F7813BA</generatorID>
<ownerDesignName>modelo_v3_030925</ownerDesignName>
<pk>true</pk>
<indexState>Primary Constraint</indexState>
<isSurrogateKey>false</isSurrogateKey>
<indexColumnUsage>
<colUsage columnID="2C82269C-E795-950A-89DB-CD76B9789F0A"/>
</indexColumnUsage>
</ind_PK_UK>
<ind_PK_UK id="9720568B-4DCB-C4C7-100A-E4F4D6B005E6" name="integrante__IDX">
<createdBy>umayor</createdBy>
<createdTime>2025-09-03 14:30:05 UTC</createdTime>
<ownerDesignName>modelo_v3_030925</ownerDesignName>
<indexState>Unique Plain Index</indexState>
<isSurrogateKey>false</isSurrogateKey>
<relationGeneratorID>1FE5E35F-A688-F25F-36E2-4D6FF6201583</relationGeneratorID>
<indexColumnUsage>
<colUsage columnID="E00BF851-E821-B0CE-F56D-164CD4A3CE67"/>
</indexColumnUsage>
</ind_PK_UK>
<ind_PK_UK id="F750647C-01CE-6B88-4333-805B07A23DC4" name="integrante_persona_FK">
<createdBy>umayor</createdBy>
<createdTime>2025-09-03 14:30:05 UTC</createdTime>
<generatorID>1FE5E35F-A688-F25F-36E2-4D6FF6201583</generatorID>
<ownerDesignName>modelo_v3_030925</ownerDesignName>
<indexState>Foreign Key</indexState>
<isSurrogateKey>false</isSurrogateKey>
<indexColumnUsage>
<colUsage columnID="E00BF851-E821-B0CE-F56D-164CD4A3CE67"/>
</indexColumnUsage>
</ind_PK_UK>
</indexes>
</Table>
