<?xml version = '1.0' encoding = 'UTF-8'?>
<Table class="oracle.dbtools.crest.model.design.relational.Table" directorySegmentName="seg_0" id="D62260A3-27C2-9F7B-5BC4-2A2B1BF68990" name="premio_posicion">
<createdBy>umayor</createdBy>
<createdTime>2025-09-03 14:30:05 UTC</createdTime>
<generatorID>248A707A-CD39-1E24-2747-4F93601331E9</generatorID>
<ownerDesignName>modelo_v3_030925</ownerDesignName>
<allowColumnReorder>false</allowColumnReorder>
<existDependencyGenerateInDDl>true</existDependencyGenerateInDDl>
<parsed>true</parsed>
<columns itemClass="oracle.dbtools.crest.model.design.relational.Column">
<Column name="id" id="FE6A0167-CE66-1679-57E1-D549E0B30270">
<createdBy>umayor</createdBy>
<createdTime>2025-09-03 14:30:05 UTC</createdTime>
<generatorID>93F0B1DE-05C6-75F0-2B18-4E248EE4F569</generatorID>
<ownerDesignName>modelo_v3_030925</ownerDesignName>
<useDomainConstraints>false</useDomainConstraints>
<use>1</use>
<logicalDatatype>LOGDT019</logicalDatatype>
<dataTypePrecision>8</dataTypePrecision>
<ownDataTypeParameters>,8,</ownDataTypeParameters>
<autoIncrementCycle>false</autoIncrementCycle>
</Column>
<Column name="nombre" id="3C80E470-1607-AE47-AC25-524AAA6C1EC9">
<createdBy>umayor</createdBy>
<createdTime>2025-09-03 14:30:05 UTC</createdTime>
<generatorID>4418C6F6-3B4C-AA03-2DB1-E971DD0E04C5</generatorID>
<ownerDesignName>modelo_v3_030925</ownerDesignName>
<useDomainConstraints>false</useDomainConstraints>
<use>1</use>
<logicalDatatype>LOGDT024</logicalDatatype>
<dataTypeSize>50</dataTypeSize>
<ownDataTypeParameters>50,,</ownDataTypeParameters>
<autoIncrementCycle>false</autoIncrementCycle>
</Column>
<Column name="activo" id="0D4BFE28-5C37-5BD1-C300-91C984852672">
<createdBy>umayor</createdBy>
<createdTime>2025-09-03 14:30:05 UTC</createdTime>
<generatorID>23C42269-837E-D47B-2AEB-12B70F701733</generatorID>
<ownerDesignName>modelo_v3_030925</ownerDesignName>
<useDomainConstraints>false</useDomainConstraints>
<use>1</use>
<logicalDatatype>LOGDT006</logicalDatatype>
<dataTypeSize>1</dataTypeSize>
<ownDataTypeParameters>1,,</ownDataTypeParameters>
<autoIncrementCycle>false</autoIncrementCycle>
</Column>
<Column name="created_at" id="68C55290-4575-652A-3AB6-42857F0CDC84">
<createdBy>umayor</createdBy>
<createdTime>2025-09-03 14:30:05 UTC</createdTime>
<generatorID>EF3BFFCB-2D9E-B791-B38B-541A579DF01A</generatorID>
<ownerDesignName>modelo_v3_030925</ownerDesignName>
<useDomainConstraints>false</useDomainConstraints>
<use>1</use>
<logicalDatatype>LOGDT047</logicalDatatype>
<ownDataTypeParameters>,,</ownDataTypeParameters>
<autoIncrementCycle>false</autoIncrementCycle>
</Column>
<Column name="updated_at" id="E020DF63-1C10-09BF-11F9-44E944E05257">
<createdBy>umayor</createdBy>
<createdTime>2025-09-03 14:30:05 UTC</createdTime>
<generatorID>BAFC5D5C-5644-4C7E-95A7-DD9128E38540</generatorID>
<ownerDesignName>modelo_v3_030925</ownerDesignName>
<useDomainConstraints>false</useDomainConstraints>
<use>1</use>
<logicalDatatype>LOGDT047</logicalDatatype>
<ownDataTypeParameters>,,</ownDataTypeParameters>
<autoIncrementCycle>false</autoIncrementCycle>
</Column>
<Column name="premio_id" id="387B992F-4585-55F4-9C6D-C568A27B6ED7">
<createdBy>umayor</createdBy>
<createdTime>2025-09-03 14:30:05 UTC</createdTime>
<generatorID>3EF080B7-8467-E5FE-B1A8-FD2B6BDC163D</generatorID>
<ownerDesignName>modelo_v3_030925</ownerDesignName>
<useDomainConstraints>false</useDomainConstraints>
<use>1</use>
<logicalDatatype>LOGDT019</logicalDatatype>
<dataTypePrecision>8</dataTypePrecision>
<ownDataTypeParameters>,,</ownDataTypeParameters>
<previousColumn>false</previousColumn>
<autoIncrementCycle>false</autoIncrementCycle>
<associations>
<colAssociation fkAssociation="46596E5C-4059-ED3C-E6A1-AB853E61BE94" referredColumn="FD9596F6-DE42-C69D-F55A-A11F451FC3A4"/>
</associations>
</Column>
<Column name="camponato_id" id="8E1B7FC9-F1B1-932E-A2CE-89B446EE927A">
<createdBy>umayor</createdBy>
<createdTime>2025-09-03 14:30:05 UTC</createdTime>
<generatorID>D47ABF23-ED28-43B2-F6F8-ADA88664772B</generatorID>
<ownerDesignName>modelo_v3_030925</ownerDesignName>
<useDomainConstraints>false</useDomainConstraints>
<use>1</use>
<logicalDatatype>LOGDT019</logicalDatatype>
<dataTypePrecision>8</dataTypePrecision>
<ownDataTypeParameters>,,</ownDataTypeParameters>
<previousColumn>false</previousColumn>
<autoIncrementCycle>false</autoIncrementCycle>
<associations>
<colAssociation fkAssociation="2E464CDA-6104-C260-474D-E926AB5F5882" referredColumn="4AAC4201-A1A2-6A9D-7E81-6B1C4166C740"/>
</associations>
</Column>
</columns>
<indexes itemClass="oracle.dbtools.crest.model.design.relational.Index">
<ind_PK_UK id="576FA810-94D5-5579-A2B2-F6E5DE217C94" name="premio_posicion_PK">
<createdBy>umayor</createdBy>
<createdTime>2025-09-03 14:30:05 UTC</createdTime>
<generatorID>734DD44C-295E-1A30-0F1C-6BB2E9032BEE</generatorID>
<ownerDesignName>modelo_v3_030925</ownerDesignName>
<pk>true</pk>
<indexState>Primary Constraint</indexState>
<isSurrogateKey>false</isSurrogateKey>
<indexColumnUsage>
<colUsage columnID="FE6A0167-CE66-1679-57E1-D549E0B30270"/>
</indexColumnUsage>
</ind_PK_UK>
<ind_PK_UK id="C66BE526-9C51-11A4-B216-967E18152D1A" name="premio_posicion_premio_FK">
<createdBy>umayor</createdBy>
<createdTime>2025-09-03 14:30:05 UTC</createdTime>
<generatorID>A9122909-6353-CA1C-5280-04AA4A3ED144</generatorID>
<ownerDesignName>modelo_v3_030925</ownerDesignName>
<indexState>Foreign Key</indexState>
<isSurrogateKey>false</isSurrogateKey>
<indexColumnUsage>
<colUsage columnID="387B992F-4585-55F4-9C6D-C568A27B6ED7"/>
</indexColumnUsage>
</ind_PK_UK>
<ind_PK_UK id="2B55994C-ABB2-719D-FDE4-5A37AE4E70B5" name="premio_posicion_camponato_FK">
<createdBy>umayor</createdBy>
<createdTime>2025-09-03 14:30:05 UTC</createdTime>
<generatorID>44D9623E-019E-F47B-21EB-9CF31B4047D0</generatorID>
<ownerDesignName>modelo_v3_030925</ownerDesignName>
<indexState>Foreign Key</indexState>
<isSurrogateKey>false</isSurrogateKey>
<indexColumnUsage>
<colUsage columnID="8E1B7FC9-F1B1-932E-A2CE-89B446EE927A"/>
</indexColumnUsage>
</ind_PK_UK>
</indexes>
</Table>
