<?xml version = '1.0' encoding = 'UTF-8'?>
<Table class="oracle.dbtools.crest.model.design.relational.Table" directorySegmentName="seg_0" id="E1719FEC-F078-718C-0A81-61C4FC120980" name="camponato_patrocinadores">
<createdBy>umayor</createdBy>
<createdTime>2025-09-03 14:30:05 UTC</createdTime>
<ownerDesignName>modelo_v3_030925</ownerDesignName>
<allowColumnReorder>false</allowColumnReorder>
<existDependencyGenerateInDDl>true</existDependencyGenerateInDDl>
<parsed>true</parsed>
<columns itemClass="oracle.dbtools.crest.model.design.relational.Column">
<Column name="id" id="FDAA1BB0-C405-F119-54DF-C2C58938300D">
<createdBy>umayor</createdBy>
<createdTime>2025-09-03 14:30:05 UTC</createdTime>
<generatorID>D31300B4-2A23-2D90-F2E0-893D14DB99F7</generatorID>
<ownerDesignName>modelo_v3_030925</ownerDesignName>
<useDomainConstraints>false</useDomainConstraints>
<use>1</use>
<logicalDatatype>LOGDT019</logicalDatatype>
<dataTypePrecision>8</dataTypePrecision>
<ownDataTypeParameters>,8,</ownDataTypeParameters>
<autoIncrementCycle>false</autoIncrementCycle>
<isRelationshipColumn>true</isRelationshipColumn>
<isDependOnFK_AsMandatory>true</isDependOnFK_AsMandatory>
</Column>
<Column name="patrocinador_id" id="63B466A6-DE1D-9513-9081-571D89C41651">
<createdBy>umayor</createdBy>
<createdTime>2025-09-03 14:30:05 UTC</createdTime>
<ownerDesignName>modelo_v3_030925</ownerDesignName>
<useDomainConstraints>false</useDomainConstraints>
<use>1</use>
<logicalDatatype>LOGDT019</logicalDatatype>
<dataTypePrecision>8</dataTypePrecision>
<ownDataTypeParameters>,,</ownDataTypeParameters>
<previousColumn>false</previousColumn>
<autoIncrementCycle>false</autoIncrementCycle>
<associations>
<colAssociation fkAssociation="10CB4399-2547-AA11-B7C8-9851C82F74DE" referredColumn="31134487-5E04-E4BB-21E4-31987382C5AF"/>
</associations>
</Column>
<Column name="camponato_id" id="5CD2B699-A917-7B9D-2FDB-EC0FCC2AA31F">
<createdBy>umayor</createdBy>
<createdTime>2025-09-03 14:30:05 UTC</createdTime>
<ownerDesignName>modelo_v3_030925</ownerDesignName>
<useDomainConstraints>false</useDomainConstraints>
<use>1</use>
<logicalDatatype>LOGDT019</logicalDatatype>
<dataTypePrecision>8</dataTypePrecision>
<ownDataTypeParameters>,,</ownDataTypeParameters>
<previousColumn>false</previousColumn>
<autoIncrementCycle>false</autoIncrementCycle>
<associations>
<colAssociation fkAssociation="F3873E46-3FBB-E5FD-82DD-48C2CE83BDA7" referredColumn="4AAC4201-A1A2-6A9D-7E81-6B1C4166C740"/>
</associations>
</Column>
<Column name="activo" id="44F72DE8-A6ED-4EF4-48E6-5FE5E0429D42">
<createdBy>umayor</createdBy>
<createdTime>2025-09-03 14:30:05 UTC</createdTime>
<generatorID>D5DEF538-34E3-72D4-8176-5EBA276A765F</generatorID>
<ownerDesignName>modelo_v3_030925</ownerDesignName>
<useDomainConstraints>false</useDomainConstraints>
<use>1</use>
<logicalDatatype>LOGDT006</logicalDatatype>
<dataTypeSize>1</dataTypeSize>
<ownDataTypeParameters>1,,</ownDataTypeParameters>
<autoIncrementCycle>false</autoIncrementCycle>
<isRelationshipColumn>true</isRelationshipColumn>
<isDependOnFK_AsMandatory>true</isDependOnFK_AsMandatory>
</Column>
<Column name="created_at" id="BE5826F6-023E-E96B-9946-CC5C2FED09AC">
<createdBy>umayor</createdBy>
<createdTime>2025-09-03 14:30:05 UTC</createdTime>
<generatorID>954280A3-2AC5-0FF7-F5F3-AFACF36C6CC7</generatorID>
<ownerDesignName>modelo_v3_030925</ownerDesignName>
<nullsAllowed>true</nullsAllowed>
<useDomainConstraints>false</useDomainConstraints>
<use>1</use>
<logicalDatatype>LOGDT046</logicalDatatype>
<dataTypePrecision>6</dataTypePrecision>
<dataTypeScale>0</dataTypeScale>
<ownDataTypeParameters>,6,0</ownDataTypeParameters>
<autoIncrementCycle>false</autoIncrementCycle>
<isRelationshipColumn>true</isRelationshipColumn>
</Column>
<Column name="updated_at" id="E9B3AF77-B4E1-1D79-28D8-753C51BE2F9F">
<createdBy>umayor</createdBy>
<createdTime>2025-09-03 14:30:05 UTC</createdTime>
<generatorID>ABAF1F9E-4B89-FF1E-DB37-28F09FBB60FF</generatorID>
<ownerDesignName>modelo_v3_030925</ownerDesignName>
<nullsAllowed>true</nullsAllowed>
<useDomainConstraints>false</useDomainConstraints>
<use>1</use>
<logicalDatatype>LOGDT046</logicalDatatype>
<dataTypePrecision>6</dataTypePrecision>
<dataTypeScale>0</dataTypeScale>
<ownDataTypeParameters>,6,0</ownDataTypeParameters>
<autoIncrementCycle>false</autoIncrementCycle>
<isRelationshipColumn>true</isRelationshipColumn>
</Column>
</columns>
<indexes itemClass="oracle.dbtools.crest.model.design.relational.Index">
<ind_PK_UK id="0CFE92B4-0D09-FA1D-3D5C-F9E2D42975F4" name="camponato_patrocinadores_PK">
<createdBy>umayor</createdBy>
<createdTime>2025-09-03 14:30:05 UTC</createdTime>
<ownerDesignName>modelo_v3_030925</ownerDesignName>
<pk>true</pk>
<indexState>Primary Constraint</indexState>
<isSurrogateKey>false</isSurrogateKey>
<indexColumnUsage>
<colUsage columnID="63B466A6-DE1D-9513-9081-571D89C41651"/>
<colUsage columnID="5CD2B699-A917-7B9D-2FDB-EC0FCC2AA31F"/>
<colUsage columnID="FDAA1BB0-C405-F119-54DF-C2C58938300D"/>
</indexColumnUsage>
</ind_PK_UK>
<ind_PK_UK id="85BA0A9A-3651-5B66-661A-AB95CCD05151" name="camponato_patrocinadores_patrocinador_FK">
<createdBy>umayor</createdBy>
<createdTime>2025-09-03 14:30:05 UTC</createdTime>
<generatorID>6C9A28DB-6E98-1113-2C6F-ED46C5DF0A7F</generatorID>
<ownerDesignName>modelo_v3_030925</ownerDesignName>
<indexState>Foreign Key</indexState>
<isSurrogateKey>false</isSurrogateKey>
<indexColumnUsage>
<colUsage columnID="63B466A6-DE1D-9513-9081-571D89C41651"/>
</indexColumnUsage>
</ind_PK_UK>
<ind_PK_UK id="1EC82C64-AA8F-301A-C6E7-491E2BB11529" name="camponato_patrocinadores_camponato_FK">
<createdBy>umayor</createdBy>
<createdTime>2025-09-03 14:30:05 UTC</createdTime>
<generatorID>6C9A28DB-6E98-1113-2C6F-ED46C5DF0A7F</generatorID>
<ownerDesignName>modelo_v3_030925</ownerDesignName>
<indexState>Foreign Key</indexState>
<isSurrogateKey>false</isSurrogateKey>
<indexColumnUsage>
<colUsage columnID="5CD2B699-A917-7B9D-2FDB-EC0FCC2AA31F"/>
</indexColumnUsage>
</ind_PK_UK>
</indexes>
</Table>
