<?xml version = '1.0' encoding = 'UTF-8'?>
<FKIndexAssociation class="oracle.dbtools.crest.model.design.relational.FKIndexAssociation" directorySegmentName="seg_0" id="0813A9F7-6D9C-1B58-D486-5E3936E4D055" containerWithKeyObject="E7971E3A-D11A-A8BC-B0C5-40ED20FA4CD0" localFKIndex="A4D4A07F-D2C6-D954-17DE-AFBB80F7D4BF" name="direccion_ubicacion_direccion_ubicacion_tipo_FK">
<createdBy>umayor</createdBy>
<createdTime>2025-09-03 14:30:05 UTC</createdTime>
<generatorID>5F5C99B5-7495-EB30-788B-5068CF39DE40</generatorID>
<ownerDesignName>modelo_v3_030925</ownerDesignName>
<referredTableLongName>direccion_ubicacion_tipo</referredTableLongName>
<deleteRule>NO ACTION</deleteRule>
<referredTableID>72BA43DC-759F-F384-3172-12648C09B5E0</referredTableID>
<keyObject>9B380302-B02A-B07A-276E-A761FF902EC7</keyObject>
<referredKeyID>9B380302-B02A-B07A-276E-A761FF902EC7</referredKeyID>
<mandatory>true</mandatory>
<refColNames>id</refColNames>
<transferable>true</transferable>
<rely>false</rely>
<columnDependencyConstraintGenerateInDDL>true</columnDependencyConstraintGenerateInDDL>
</FKIndexAssociation>
