<?xml version = '1.0' encoding = 'UTF-8'?>
<FKIndexAssociation class="oracle.dbtools.crest.model.design.relational.FKIndexAssociation" directorySegmentName="seg_0" id="10CB4399-2547-AA11-B7C8-9851C82F74DE" containerWithKeyObject="E1719FEC-F078-718C-0A81-61C4FC120980" localFKIndex="85BA0A9A-3651-5B66-661A-AB95CCD05151" name="camponato_patrocinadores_patrocinador_FK">
<createdBy>umayor</createdBy>
<createdTime>2025-09-03 14:30:05 UTC</createdTime>
<generatorID>6C9A28DB-6E98-1113-2C6F-ED46C5DF0A7F</generatorID>
<ownerDesignName>modelo_v3_030925</ownerDesignName>
<referredTableLongName>patrocinador</referredTableLongName>
<deleteRule>NO ACTION</deleteRule>
<referredTableID>220A33EE-15C3-B007-4038-7C3ECEB7386D</referredTableID>
<keyObject>1ED83A02-1729-54DA-30D8-7FE0B9127686</keyObject>
<referredKeyID>1ED83A02-1729-54DA-30D8-7FE0B9127686</referredKeyID>
<mandatory>true</mandatory>
<refColNames>id</refColNames>
<transferable>true</transferable>
<rely>false</rely>
<columnDependencyConstraintGenerateInDDL>true</columnDependencyConstraintGenerateInDDL>
</FKIndexAssociation>
