<?xml version = '1.0' encoding = 'UTF-8'?>
<FKIndexAssociation class="oracle.dbtools.crest.model.design.relational.FKIndexAssociation" directorySegmentName="seg_0" id="236DAA57-4D80-62DE-808D-9FF175CA5535" containerWithKeyObject="A9436700-60CB-EE17-BBAD-B088C5CD4D78" localFKIndex="B1AD9D0B-797C-FA09-88B1-4149A56A3A4B" name="documento_identidad_persona_FK">
<createdBy>umayor</createdBy>
<createdTime>2025-08-27 14:35:19 UTC</createdTime>
<generatorID>4B8549EA-8964-5D26-A90A-01E789D78D6D</generatorID>
<ownerDesignName>modelo_v2_270825</ownerDesignName>
<referredTableLongName>persona</referredTableLongName>
<deleteRule>NO ACTION</deleteRule>
<referredTableID>6E549261-029B-6DD0-799D-A82BECAA4AA3</referredTableID>
<keyObject>668C1FD4-A74F-EF43-0D2D-9200CD4E950F</keyObject>
<referredKeyID>668C1FD4-A74F-EF43-0D2D-9200CD4E950F</referredKeyID>
<mandatory>true</mandatory>
<refColNames>id</refColNames>
<transferable>true</transferable>
<rely>false</rely>
<columnDependencyConstraintGenerateInDDL>true</columnDependencyConstraintGenerateInDDL>
</FKIndexAssociation>