<?xml version = '1.0' encoding = 'UTF-8'?>
<FKIndexAssociation class="oracle.dbtools.crest.model.design.relational.FKIndexAssociation" directorySegmentName="seg_0" id="28AEE24E-5C8A-E4D2-3219-B806194FB4A9" containerWithKeyObject="74EDAD26-836E-86A5-65A7-5E0C834CDF9F" localFKIndex="6343F4D5-6974-DC33-DEF9-42CB20F13729" name="persona_medios_de_contacto_persona_FK">
<createdBy>umayor</createdBy>
<createdTime>2025-09-03 14:30:05 UTC</createdTime>
<generatorID>0D7D52B2-939D-17F9-672C-51CAB5A32452</generatorID>
<ownerDesignName>modelo_v3_030925</ownerDesignName>
<referredTableLongName>persona</referredTableLongName>
<deleteRule>NO ACTION</deleteRule>
<referredTableID>6E549261-029B-6DD0-799D-A82BECAA4AA3</referredTableID>
<keyObject>668C1FD4-A74F-EF43-0D2D-9200CD4E950F</keyObject>
<referredKeyID>668C1FD4-A74F-EF43-0D2D-9200CD4E950F</referredKeyID>
<mandatory>true</mandatory>
<refColNames>id</refColNames>
<transferable>true</transferable>
<rely>false</rely>
<columnDependencyConstraintGenerateInDDL>true</columnDependencyConstraintGenerateInDDL>
</FKIndexAssociation>
