<?xml version = '1.0' encoding = 'UTF-8'?>
<FKIndexAssociation class="oracle.dbtools.crest.model.design.relational.FKIndexAssociation" directorySegmentName="seg_0" id="46596E5C-4059-ED3C-E6A1-AB853E61BE94" containerWithKeyObject="D62260A3-27C2-9F7B-5BC4-2A2B1BF68990" localFKIndex="C66BE526-9C51-11A4-B216-967E18152D1A" name="premio_posicion_premio_FK">
<createdBy>umayor</createdBy>
<createdTime>2025-09-03 14:30:05 UTC</createdTime>
<generatorID>A9122909-6353-CA1C-5280-04AA4A3ED144</generatorID>
<ownerDesignName>modelo_v3_030925</ownerDesignName>
<referredTableLongName>premio</referredTableLongName>
<deleteRule>NO ACTION</deleteRule>
<referredTableID>EA21A7CD-8FF9-E232-9257-587BEF257F01</referredTableID>
<keyObject>61139C9D-A1E4-371B-2FFA-756D15469A76</keyObject>
<referredKeyID>61139C9D-A1E4-371B-2FFA-756D15469A76</referredKeyID>
<mandatory>true</mandatory>
<refColNames>id</refColNames>
<transferable>true</transferable>
<rely>false</rely>
<columnDependencyConstraintGenerateInDDL>true</columnDependencyConstraintGenerateInDDL>
</FKIndexAssociation>
