<?xml version = '1.0' encoding = 'UTF-8'?>
<FKIndexAssociation class="oracle.dbtools.crest.model.design.relational.FKIndexAssociation" directorySegmentName="seg_0" id="6305870A-57A1-0E42-61F4-4D452F8EE04B" containerWithKeyObject="51D86593-4564-6EC8-5F74-25AB957CB340" localFKIndex="54E45D7B-E161-9C78-332C-C86661ECBE4B" name="persona_generos_genero_FK">
<createdBy>umayor</createdBy>
<createdTime>2025-08-27 14:35:19 UTC</createdTime>
<generatorID>EB0B6E6C-49CA-08B2-FA92-8F8AB96A2E96</generatorID>
<ownerDesignName>modelo_v2_270825</ownerDesignName>
<referredTableLongName>genero</referredTableLongName>
<deleteRule>NO ACTION</deleteRule>
<referredTableID>A05468D1-3A44-169E-A8C4-A93A3597BC0D</referredTableID>
<keyObject>D0F0F30B-8409-25EC-DE55-2550EE2B7028</keyObject>
<referredKeyID>D0F0F30B-8409-25EC-DE55-2550EE2B7028</referredKeyID>
<mandatory>true</mandatory>
<refColNames>id</refColNames>
<transferable>true</transferable>
<rely>false</rely>
<columnDependencyConstraintGenerateInDDL>true</columnDependencyConstraintGenerateInDDL>
</FKIndexAssociation>