<?xml version = '1.0' encoding = 'UTF-8'?>
<FKIndexAssociation class="oracle.dbtools.crest.model.design.relational.FKIndexAssociation" directorySegmentName="seg_0" id="848F3936-3A70-9C46-1EC9-DB3B9DDD69E8" containerWithKeyObject="C554B848-C51D-795C-0121-33422F4B99C1" localFKIndex="A0A5BC8A-BD38-244C-5EF3-D34D07A35A6A" name="camponato_disciplina_FK">
<createdBy>umayor</createdBy>
<createdTime>2025-09-03 14:30:05 UTC</createdTime>
<generatorID>11F559C8-765C-E5AE-8E07-2CAE98A24C78</generatorID>
<ownerDesignName>modelo_v3_030925</ownerDesignName>
<referredTableLongName>disciplina</referredTableLongName>
<deleteRule>NO ACTION</deleteRule>
<referredTableID>15DAFE45-996B-51F8-ECFC-7D843FF71E06</referredTableID>
<keyObject>947C0FAF-C76F-9CA1-415C-F50CE3798572</keyObject>
<referredKeyID>947C0FAF-C76F-9CA1-415C-F50CE3798572</referredKeyID>
<mandatory>true</mandatory>
<refColNames>id</refColNames>
<transferable>true</transferable>
<rely>false</rely>
<columnDependencyConstraintGenerateInDDL>true</columnDependencyConstraintGenerateInDDL>
</FKIndexAssociation>
