<?xml version = '1.0' encoding = 'UTF-8'?>
<FKIndexAssociation class="oracle.dbtools.crest.model.design.relational.FKIndexAssociation" directorySegmentName="seg_0" id="91E27C05-019E-243B-B94E-FBACCF76D167" containerWithKeyObject="A79D2296-3EBE-5ED5-1CDE-CBB31E6FC599" localFKIndex="4A870C6C-9218-45E1-C5DD-996A9C5BC18A" name="camponato_detalle_camponato_FK">
<createdBy>umayor</createdBy>
<createdTime>2025-09-03 14:30:05 UTC</createdTime>
<generatorID>1DEF3ADE-AAE7-C9C2-68F5-A4E35922A1C4</generatorID>
<ownerDesignName>modelo_v3_030925</ownerDesignName>
<referredTableLongName>camponato</referredTableLongName>
<deleteRule>NO ACTION</deleteRule>
<referredTableID>C554B848-C51D-795C-0121-33422F4B99C1</referredTableID>
<keyObject>C5C899AA-858F-D707-AAB4-F6546239DB49</keyObject>
<referredKeyID>C5C899AA-858F-D707-AAB4-F6546239DB49</referredKeyID>
<mandatory>true</mandatory>
<refColNames>id</refColNames>
<transferable>true</transferable>
<rely>false</rely>
<columnDependencyConstraintGenerateInDDL>true</columnDependencyConstraintGenerateInDDL>
</FKIndexAssociation>
