<?xml version = '1.0' encoding = 'UTF-8'?>
<FKIndexAssociation class="oracle.dbtools.crest.model.design.relational.FKIndexAssociation" directorySegmentName="seg_0" id="9A9D282F-FE8B-9405-7B95-7B64B35BED1D" containerWithKeyObject="1BB9D574-C5FB-539E-2347-F69DE52C9611" localFKIndex="CC19BC5E-6A22-8292-6F9E-D530714F1FCE" name="persona_direcciones_direccion_FK">
<createdBy>umayor</createdBy>
<createdTime>2025-09-03 14:30:05 UTC</createdTime>
<generatorID>C9F02815-AF3D-CF90-9742-347C7703B0D9</generatorID>
<ownerDesignName>modelo_v3_030925</ownerDesignName>
<referredTableLongName>direccion</referredTableLongName>
<deleteRule>NO ACTION</deleteRule>
<referredTableID>45349255-11A8-E1D3-334A-B4CBD295ACC8</referredTableID>
<keyObject>3537AF09-EED4-DE23-C407-2F7CA6459047</keyObject>
<referredKeyID>3537AF09-EED4-DE23-C407-2F7CA6459047</referredKeyID>
<mandatory>true</mandatory>
<refColNames>id</refColNames>
<transferable>true</transferable>
<rely>false</rely>
<columnDependencyConstraintGenerateInDDL>true</columnDependencyConstraintGenerateInDDL>
</FKIndexAssociation>
