<?xml version = '1.0' encoding = 'UTF-8'?>
<Diagram class="oracle.dbtools.crest.swingui.logical.DPVLogical" name="Logical" id="2B3988D2-C7F0-3547-9D93-74639635B9CB">
<createdBy>umayor</createdBy>
<modifiedBy>umayor</modifiedBy>
<createdTime>2025-08-20 13:49:08 UTC</createdTime>
<autoRoute>false</autoRoute>
<boxInbox>true</boxInbox>
<showLegend>false</showLegend>
<showLabels>false</showLabels>
<showRelAttributes>false</showRelAttributes>
<gridEnabled>false</gridEnabled>
<showGrid>false</showGrid>
<diagramColor>-1</diagramColor>
<display>false</display>
<notation>1</notation>
<objectViews>
<OView class="oracle.dbtools.crest.swingui.logical.TVEntity" oid="0887576D-942C-71CA-2ADE-59D5BDA9D3A2" otype="Entity" vid="03290CC0-B623-F02F-CE26-209A1125F7BD">
<hideElementsInCurrentOnly>false</hideElementsInCurrentOnly>
<bounds x="1644" y="695" width="170" height="112"/>
</OView>
<OView class="oracle.dbtools.crest.swingui.logical.TVEntity" oid="08F55403-A413-1A6D-0387-6EC664C071AA" otype="Entity" vid="58CF4AA3-CA35-EBF3-D8BA-F88A9A6D748C">
<hideElementsInCurrentOnly>false</hideElementsInCurrentOnly>
<bounds x="1245" y="1094" width="170" height="111"/>
</OView>
<OView class="oracle.dbtools.crest.swingui.logical.TVEntity" oid="0CD1E413-8123-9F28-E608-0D54E6D97653" otype="Entity" vid="0DFEA28B-70FC-6239-9DD3-D576AC2E9E6F">
<hideElementsInCurrentOnly>false</hideElementsInCurrentOnly>
<bounds x="733" y="363" width="170" height="112"/>
</OView>
<OView class="oracle.dbtools.crest.swingui.logical.TVEntity" oid="0E311DC9-7EEC-D4F9-69E5-40CE4BF65A92" otype="Entity" vid="56DF19CB-1345-9DBD-608A-151FBC1A17D8">
<hideElementsInCurrentOnly>false</hideElementsInCurrentOnly>
<bounds x="449" y="557" width="494" height="249"/>
</OView>
<OView class="oracle.dbtools.crest.swingui.logical.TVEntity" oid="177B9742-7B58-BAA0-9801-66A2E7044DB9" otype="Entity" vid="B5025736-7490-B647-0C1B-EF34A8336A4E">
<hideElementsInCurrentOnly>false</hideElementsInCurrentOnly>
<bounds x="1607" y="239" width="170" height="112"/>
</OView>
<OView class="oracle.dbtools.crest.swingui.logical.TVEntity" oid="248A707A-CD39-1E24-2747-4F93601331E9" otype="Entity" vid="ED057569-6384-BA88-6A9D-43F55DFE0802">
<hideElementsInCurrentOnly>false</hideElementsInCurrentOnly>
<bounds x="1280" y="247" width="170" height="111"/>
</OView>
<OView class="oracle.dbtools.crest.swingui.logical.TVEntity" oid="2A4676DA-C0BF-549A-6662-86E2FD112BA9" otype="Entity" vid="9CB87B4F-47C4-FB1B-DAE5-45D6523A8DC0">
<hideElementsInCurrentOnly>false</hideElementsInCurrentOnly>
<bounds x="1234" y="916" width="170" height="111"/>
</OView>
<OView class="oracle.dbtools.crest.swingui.logical.TVEntity" oid="2F9A659D-5BFB-DC61-85F0-44CD17D9528A" otype="Entity" vid="3BDEE84D-6459-C3D0-920E-AD8668CF58E1">
<hideElementsInCurrentOnly>false</hideElementsInCurrentOnly>
<bounds x="203" y="609" width="170" height="112"/>
</OView>
<OView class="oracle.dbtools.crest.swingui.logical.TVEntity" oid="323EF760-7BE7-030B-2A15-FD7A48C55A68" otype="Entity" vid="8A231C7C-9C9F-99E0-AB24-531EC45D31A1">
<hideElementsInCurrentOnly>false</hideElementsInCurrentOnly>
<bounds x="989" y="555" width="170" height="111"/>
</OView>
<OView class="oracle.dbtools.crest.swingui.logical.TVEntity" oid="344F2150-082C-26EE-FABD-615038A4242D" otype="Entity" vid="64AE8452-3284-A4EC-9DDA-C07544E0FD43">
<hideElementsInCurrentOnly>false</hideElementsInCurrentOnly>
<bounds x="843" y="902" width="282" height="111"/>
</OView>
<OView class="oracle.dbtools.crest.swingui.logical.TVEntity" oid="50EC77BE-D3ED-4F87-86A0-EB7114BCBC61" otype="Entity" vid="4175DF70-6F87-1A1F-9705-C60EE7E16C30">
<hideElementsInCurrentOnly>false</hideElementsInCurrentOnly>
<bounds x="1009" y="374" width="170" height="119"/>
</OView>
<OView class="oracle.dbtools.crest.swingui.logical.TVEntity" oid="67803371-006F-A9CB-8BF4-3FCB3215D638" otype="Entity" vid="141796EE-B755-9467-3AE1-C4202C29CBF1">
<hideElementsInCurrentOnly>false</hideElementsInCurrentOnly>
<bounds x="987" y="691" width="170" height="112"/>
</OView>
<OView class="oracle.dbtools.crest.swingui.logical.TVEntity" oid="790DB36F-D078-E0BC-A1C0-64E16A42CB4E" otype="Entity" vid="8FB88AA6-A3F5-A0FA-31D0-A81115E9C133">
<hideElementsInCurrentOnly>false</hideElementsInCurrentOnly>
<bounds x="421" y="1060" width="170" height="112"/>
</OView>
<OView class="oracle.dbtools.crest.swingui.logical.TVEntity" oid="8ADBEF14-65E7-DA67-720C-49207C4C8131" otype="Entity" vid="066BE53E-8126-5DBD-E6BA-C9D5A2AC7C60">
<hideElementsInCurrentOnly>false</hideElementsInCurrentOnly>
<bounds x="437" y="896" width="170" height="112"/>
</OView>
<OView class="oracle.dbtools.crest.swingui.logical.TVEntity" oid="9B111F72-39C0-864B-E5DF-5C868C7B240C" otype="Entity" vid="9B7BA988-ACAB-DB55-C613-7A99AEF75663">
<hideElementsInCurrentOnly>false</hideElementsInCurrentOnly>
<bounds x="203" y="937" width="170" height="112"/>
</OView>
<OView class="oracle.dbtools.crest.swingui.logical.TVEntity" oid="BCBAA471-4624-D3BE-E95C-0F358F5B27F7" otype="Entity" vid="82B54AE1-3554-9B3F-131D-B0A9CCAB1B2E">
<hideElementsInCurrentOnly>false</hideElementsInCurrentOnly>
<bounds x="964" y="1090" width="170" height="111"/>
</OView>
<OView class="oracle.dbtools.crest.swingui.logical.TVEntity" oid="C116FE45-03B7-C981-363F-98F114522AD4" otype="Entity" vid="EC9DEC06-EB80-1765-B325-4E13927A1E60">
<hideElementsInCurrentOnly>false</hideElementsInCurrentOnly>
<bounds x="1635" y="423" width="170" height="112"/>
</OView>
<OView class="oracle.dbtools.crest.swingui.logical.TVEntity" oid="C6BC8ED1-1D94-67BB-F5E1-A19D100B560B" otype="Entity" vid="EDCB21B5-4C84-0AA3-D83E-F585FBE20A1D">
<hideElementsInCurrentOnly>false</hideElementsInCurrentOnly>
<bounds x="1284" y="454" width="170" height="363"/>
</OView>
<OView class="oracle.dbtools.crest.swingui.logical.TVEntity" oid="CB1E2BA5-DB28-39BD-6CA2-7EBC9877A71D" otype="Entity" vid="80DD8C7F-3E10-49D2-4ACE-59BF5B0B6345">
<hideElementsInCurrentOnly>false</hideElementsInCurrentOnly>
<bounds x="1909" y="683" width="170" height="112"/>
</OView>
<OView class="oracle.dbtools.crest.swingui.logical.TVEntity" oid="DBCDFC3B-7C2E-C885-1D34-08456A4E3E60" otype="Entity" vid="A7EBBE17-5C25-8C35-553D-B680EF84D9E5">
<hideElementsInCurrentOnly>false</hideElementsInCurrentOnly>
<bounds x="372" y="189" width="170" height="111"/>
</OView>
<OView class="oracle.dbtools.crest.swingui.logical.TVEntity" oid="DFDF74C0-954F-4C33-8EB6-6E422DD0DDEE" otype="Entity" vid="5004E2B4-6B18-B082-C829-D864F2960328">
<hideElementsInCurrentOnly>false</hideElementsInCurrentOnly>
<bounds x="1637" y="555" width="170" height="112"/>
</OView>
<OView class="oracle.dbtools.crest.swingui.logical.TVEntity" oid="E6EAEC0B-97E7-BA92-BFE5-6D9AB764A5A0" otype="Entity" vid="CF94D33B-D1AD-2883-A22C-09666564B081">
<hideElementsInCurrentOnly>false</hideElementsInCurrentOnly>
<bounds x="203" y="732" width="170" height="112"/>
</OView>
<OView class="oracle.dbtools.crest.swingui.logical.TVEntity" oid="F80B4FC5-1666-EC22-FB0C-EF9602A36F7D" otype="Entity" vid="AD139EAC-0955-6CC7-BC04-E258D83C4791">
<hideElementsInCurrentOnly>false</hideElementsInCurrentOnly>
<bounds x="630" y="901" width="170" height="112"/>
</OView>
</objectViews>
<connectors>
<Connector class="oracle.dbtools.crest.swingui.logical.TVRelation" oid="077DECCD-183C-9594-7DEE-BDB1D50DB2E5" otype="Relation" vid_source="8A231C7C-9C9F-99E0-AB24-531EC45D31A1" vid_target="4175DF70-6F87-1A1F-9705-C60EE7E16C30">
<hideElementsInCurrentOnly>false</hideElementsInCurrentOnly>
<backgroundColor>-16777216</backgroundColor>
<lineWidth>1</lineWidth>
<points>
<point x="1099" y="555"/>
<point x="1099" y="493"/>
</points>
</Connector>
<Connector class="oracle.dbtools.crest.swingui.logical.TVRelation" oid="0D7D52B2-939D-17F9-672C-51CAB5A32452" otype="Relation" vid_source="56DF19CB-1345-9DBD-608A-151FBC1A17D8" vid_target="AD139EAC-0955-6CC7-BC04-E258D83C4791">
<hideElementsInCurrentOnly>false</hideElementsInCurrentOnly>
<backgroundColor>-16777216</backgroundColor>
<lineWidth>1</lineWidth>
<points>
<point x="715" y="806"/>
<point x="715" y="901"/>
</points>
</Connector>
<Connector class="oracle.dbtools.crest.swingui.logical.TVRelation" oid="11F559C8-765C-E5AE-8E07-2CAE98A24C78" otype="Relation" vid_source="5004E2B4-6B18-B082-C829-D864F2960328" vid_target="EDCB21B5-4C84-0AA3-D83E-F585FBE20A1D">
<hideElementsInCurrentOnly>false</hideElementsInCurrentOnly>
<backgroundColor>-16777216</backgroundColor>
<lineWidth>1</lineWidth>
<points>
<point x="1637" y="611"/>
<point x="1454" y="611"/>
</points>
</Connector>
<Connector class="oracle.dbtools.crest.swingui.logical.TVRelation" oid="1DEF3ADE-AAE7-C9C2-68F5-A4E35922A1C4" otype="Relation" vid_source="EDCB21B5-4C84-0AA3-D83E-F585FBE20A1D" vid_target="4175DF70-6F87-1A1F-9705-C60EE7E16C30">
<hideElementsInCurrentOnly>false</hideElementsInCurrentOnly>
<backgroundColor>-16777216</backgroundColor>
<lineWidth>1</lineWidth>
<points>
<point x="1284" y="473"/>
<point x="1179" y="473"/>
</points>
</Connector>
<Connector class="oracle.dbtools.crest.swingui.logical.TVRelation" oid="1FE5E35F-A688-F25F-36E2-4D6FF6201583" otype="Relation" vid_source="56DF19CB-1345-9DBD-608A-151FBC1A17D8" vid_target="8A231C7C-9C9F-99E0-AB24-531EC45D31A1">
<hideElementsInCurrentOnly>false</hideElementsInCurrentOnly>
<backgroundColor>-16777216</backgroundColor>
<lineWidth>1</lineWidth>
<points>
<point x="943" y="611"/>
<point x="989" y="611"/>
</points>
</Connector>
<Connector class="oracle.dbtools.crest.swingui.logical.TVRelation" oid="23C841CB-4218-385F-64A3-D631A7201FDB" otype="Relation" vid_source="9B7BA988-ACAB-DB55-C613-7A99AEF75663" vid_target="066BE53E-8126-5DBD-E6BA-C9D5A2AC7C60">
<hideElementsInCurrentOnly>false</hideElementsInCurrentOnly>
<backgroundColor>-16777216</backgroundColor>
<lineWidth>1</lineWidth>
<points>
<point x="373" y="972"/>
<point x="437" y="972"/>
</points>
</Connector>
<Connector class="oracle.dbtools.crest.swingui.logical.TVRelation" oid="330A0185-FF1F-7495-3FDC-529F7EBFB554" otype="Relation" vid_source="0DFEA28B-70FC-6239-9DD3-D576AC2E9E6F" vid_target="4175DF70-6F87-1A1F-9705-C60EE7E16C30">
<hideElementsInCurrentOnly>false</hideElementsInCurrentOnly>
<backgroundColor>-16777216</backgroundColor>
<lineWidth>1</lineWidth>
<points>
<point x="903" y="424"/>
<point x="1009" y="424"/>
</points>
</Connector>
<Connector class="oracle.dbtools.crest.swingui.logical.TVRelation" oid="3EF2C7E8-84A6-EA11-EEAE-28ADC0DDE99D" otype="Relation" vid_source="82B54AE1-3554-9B3F-131D-B0A9CCAB1B2E" vid_target="82B54AE1-3554-9B3F-131D-B0A9CCAB1B2E">
<hideElementsInCurrentOnly>false</hideElementsInCurrentOnly>
<backgroundColor>-16777216</backgroundColor>
<lineWidth>1</lineWidth>
<points>
<point x="1134" y="1155"/>
<point x="1184" y="1155"/>
<point x="1184" y="1251"/>
<point x="1064" y="1251"/>
<point x="1064" y="1201"/>
</points>
</Connector>
<Connector class="oracle.dbtools.crest.swingui.logical.TVRelation" oid="44D9623E-019E-F47B-21EB-9CF31B4047D0" otype="Relation" vid_source="EDCB21B5-4C84-0AA3-D83E-F585FBE20A1D" vid_target="ED057569-6384-BA88-6A9D-43F55DFE0802">
<hideElementsInCurrentOnly>false</hideElementsInCurrentOnly>
<backgroundColor>-16777216</backgroundColor>
<lineWidth>1</lineWidth>
<points>
<point x="1367" y="454"/>
<point x="1367" y="358"/>
</points>
</Connector>
<Connector class="oracle.dbtools.crest.swingui.logical.TVRelation" oid="49231B14-C45B-BF5B-4C9C-5A57E0FA570C" otype="Relation" vid_source="EDCB21B5-4C84-0AA3-D83E-F585FBE20A1D" vid_target="EC9DEC06-EB80-1765-B325-4E13927A1E60">
<hideElementsInCurrentOnly>false</hideElementsInCurrentOnly>
<backgroundColor>-16777216</backgroundColor>
<lineWidth>1</lineWidth>
<points>
<point x="1454" y="494"/>
<point x="1635" y="494"/>
</points>
</Connector>
<Connector class="oracle.dbtools.crest.swingui.logical.TVRelation" oid="4B8549EA-8964-5D26-A90A-01E789D78D6D" otype="Relation" vid_source="56DF19CB-1345-9DBD-608A-151FBC1A17D8" vid_target="066BE53E-8126-5DBD-E6BA-C9D5A2AC7C60">
<hideElementsInCurrentOnly>false</hideElementsInCurrentOnly>
<backgroundColor>-16777216</backgroundColor>
<lineWidth>1</lineWidth>
<points>
<point x="528" y="806"/>
<point x="528" y="896"/>
</points>
</Connector>
<Connector class="oracle.dbtools.crest.swingui.logical.TVRelation" oid="5F5C99B5-7495-EB30-788B-5068CF39DE40" otype="Relation" vid_source="58CF4AA3-CA35-EBF3-D8BA-F88A9A6D748C" vid_target="82B54AE1-3554-9B3F-131D-B0A9CCAB1B2E">
<hideElementsInCurrentOnly>false</hideElementsInCurrentOnly>
<backgroundColor>-16777216</backgroundColor>
<lineWidth>1</lineWidth>
<points>
<point x="1245" y="1132"/>
<point x="1134" y="1132"/>
</points>
</Connector>
<Connector class="oracle.dbtools.crest.swingui.logical.TVRelation" oid="6A65B9BA-CB61-FADF-F237-C5D9C4507465" otype="Relation" vid_source="9CB87B4F-47C4-FB1B-DAE5-45D6523A8DC0" vid_target="64AE8452-3284-A4EC-9DDA-C07544E0FD43">
<hideElementsInCurrentOnly>false</hideElementsInCurrentOnly>
<backgroundColor>-16777216</backgroundColor>
<lineWidth>1</lineWidth>
<points>
<point x="1234" y="964"/>
<point x="1125" y="964"/>
</points>
</Connector>
<Connector class="oracle.dbtools.crest.swingui.logical.TVRelation" oid="6C9A28DB-6E98-1113-2C6F-ED46C5DF0A7F" otype="Relation" vid_source="03290CC0-B623-F02F-CE26-209A1125F7BD" vid_target="EDCB21B5-4C84-0AA3-D83E-F585FBE20A1D">
<hideElementsInCurrentOnly>false</hideElementsInCurrentOnly>
<backgroundColor>-16777216</backgroundColor>
<lineWidth>1</lineWidth>
<points>
<point x="1644" y="751"/>
<point x="1454" y="751"/>
</points>
</Connector>
<Connector class="oracle.dbtools.crest.swingui.logical.TVRelation" oid="8EF0811C-0191-F818-B02D-17BF9100D253" otype="Relation" vid_source="82B54AE1-3554-9B3F-131D-B0A9CCAB1B2E" vid_target="64AE8452-3284-A4EC-9DDA-C07544E0FD43">
<hideElementsInCurrentOnly>false</hideElementsInCurrentOnly>
<backgroundColor>-16777216</backgroundColor>
<lineWidth>1</lineWidth>
<points>
<point x="1044" y="1090"/>
<point x="1044" y="1013"/>
</points>
</Connector>
<Connector class="oracle.dbtools.crest.swingui.logical.TVRelation" oid="A45044AD-2744-CD27-F144-ACEDA593B7EE" otype="Relation" vid_source="64AE8452-3284-A4EC-9DDA-C07544E0FD43" vid_target="141796EE-B755-9467-3AE1-C4202C29CBF1">
<hideElementsInCurrentOnly>false</hideElementsInCurrentOnly>
<backgroundColor>-16777216</backgroundColor>
<lineWidth>1</lineWidth>
<points>
<point x="1056" y="902"/>
<point x="1056" y="803"/>
</points>
</Connector>
<Connector class="oracle.dbtools.crest.swingui.logical.TVRelation" oid="A9122909-6353-CA1C-5280-04AA4A3ED144" otype="Relation" vid_source="B5025736-7490-B647-0C1B-EF34A8336A4E" vid_target="ED057569-6384-BA88-6A9D-43F55DFE0802">
<hideElementsInCurrentOnly>false</hideElementsInCurrentOnly>
<backgroundColor>-16777216</backgroundColor>
<lineWidth>1</lineWidth>
<points>
<point x="1607" y="299"/>
<point x="1450" y="299"/>
</points>
</Connector>
<Connector class="oracle.dbtools.crest.swingui.logical.TVRelation" oid="C9F02815-AF3D-CF90-9742-347C7703B0D9" otype="Relation" vid_source="56DF19CB-1345-9DBD-608A-151FBC1A17D8" vid_target="64AE8452-3284-A4EC-9DDA-C07544E0FD43">
<hideElementsInCurrentOnly>false</hideElementsInCurrentOnly>
<backgroundColor>-16777216</backgroundColor>
<lineWidth>1</lineWidth>
<points>
<point x="893" y="806"/>
<point x="893" y="902"/>
</points>
</Connector>
<Connector class="oracle.dbtools.crest.swingui.logical.TVRelation" oid="CD2C80E6-03A8-3EEB-E4F4-042BA1B89652" otype="Relation" vid_source="8FB88AA6-A3F5-A0FA-31D0-A81115E9C133" vid_target="066BE53E-8126-5DBD-E6BA-C9D5A2AC7C60">
<hideElementsInCurrentOnly>false</hideElementsInCurrentOnly>
<backgroundColor>-16777216</backgroundColor>
<lineWidth>1</lineWidth>
<points>
<point x="514" y="1060"/>
<point x="514" y="1008"/>
</points>
</Connector>
<Connector class="oracle.dbtools.crest.swingui.logical.TVRelation" oid="D7583634-DDC0-2159-D2AA-B85AE3B5E507" otype="Relation" vid_source="03290CC0-B623-F02F-CE26-209A1125F7BD" vid_target="80DD8C7F-3E10-49D2-4ACE-59BF5B0B6345">
<hideElementsInCurrentOnly>false</hideElementsInCurrentOnly>
<backgroundColor>-16777216</backgroundColor>
<lineWidth>1</lineWidth>
<points>
<point x="1814" y="745"/>
<point x="1909" y="745"/>
</points>
</Connector>
<Connector class="oracle.dbtools.crest.swingui.logical.TVRelation" oid="EB0B6E6C-49CA-08B2-FA92-8F8AB96A2E96" otype="Relation" vid_source="56DF19CB-1345-9DBD-608A-151FBC1A17D8" vid_target="CF94D33B-D1AD-2883-A22C-09666564B081">
<hideElementsInCurrentOnly>false</hideElementsInCurrentOnly>
<backgroundColor>-16777216</backgroundColor>
<lineWidth>1</lineWidth>
<points>
<point x="449" y="769"/>
<point x="373" y="769"/>
</points>
</Connector>
<Connector class="oracle.dbtools.crest.swingui.logical.TVRelation" oid="F4FBBF02-E501-90E9-BE2D-13AEC8B1642F" otype="Relation" vid_source="141796EE-B755-9467-3AE1-C4202C29CBF1" vid_target="EDCB21B5-4C84-0AA3-D83E-F585FBE20A1D">
<hideElementsInCurrentOnly>false</hideElementsInCurrentOnly>
<backgroundColor>-16777216</backgroundColor>
<lineWidth>1</lineWidth>
<points>
<point x="1157" y="747"/>
<point x="1284" y="747"/>
</points>
</Connector>
<Connector class="oracle.dbtools.crest.swingui.logical.TVRelation" oid="F553A11B-4172-8431-4CB9-F8A0B2391CAD" otype="Relation" vid_source="3BDEE84D-6459-C3D0-920E-AD8668CF58E1" vid_target="56DF19CB-1345-9DBD-608A-151FBC1A17D8">
<hideElementsInCurrentOnly>false</hideElementsInCurrentOnly>
<backgroundColor>-16777216</backgroundColor>
<lineWidth>1</lineWidth>
<points>
<point x="373" y="665"/>
<point x="449" y="665"/>
</points>
</Connector>
</connectors>
</Diagram>
