<?xml version = '1.0' encoding = 'UTF-8'?>
<FKIndexAssociation class="oracle.dbtools.crest.model.design.relational.FKIndexAssociation" directorySegmentName="seg_0" id="6F7C778A-F34C-7B17-B623-9D7DC8039503" containerWithKeyObject="A9436700-60CB-EE17-BBAD-B088C5CD4D78" localFKIndex="457F3AB9-E0B0-73C4-1780-4FAD33D22D06" name="documento_identidad_documento_identidad_tipo_FK">
<createdBy>umayor</createdBy>
<createdTime>2025-08-27 14:35:19 UTC</createdTime>
<generatorID>CD2C80E6-03A8-3EEB-E4F4-042BA1B89652</generatorID>
<ownerDesignName>modelo_v2_270825</ownerDesignName>
<referredTableLongName>documento_identidad_tipo</referredTableLongName>
<deleteRule>NO ACTION</deleteRule>
<referredTableID>1586DFD0-2E24-B45F-BB3F-A9DD98CAD597</referredTableID>
<keyObject>B831E339-B0BB-E6FE-1062-171A700CBEEA</keyObject>
<referredKeyID>B831E339-B0BB-E6FE-1062-171A700CBEEA</referredKeyID>
<mandatory>true</mandatory>
<refColNames>id</refColNames>
<transferable>true</transferable>
<rely>false</rely>
<columnDependencyConstraintGenerateInDDL>true</columnDependencyConstraintGenerateInDDL>
</FKIndexAssociation>