<?xml version = '1.0' encoding = 'UTF-8'?>
<Relation class="oracle.dbtools.crest.model.design.logical.Relation" name="Relation_28" directorySegmentName="seg_0" id="077DECCD-183C-9594-7DEE-BDB1D50DB2E5">
<createdBy>umayor</createdBy>
<createdTime>2025-09-03 14:27:27 UTC</createdTime>
<ownerDesignName>modelo_v3_030925</ownerDesignName>
<engineerTo>
<item key="8A2F92C2-95B4-CFCA-78F4-4842DD3DCB77" value="true"/>
</engineerTo>
<sourcePk>D8843747-EDDC-18C6-26FC-959C5F7813BA</sourcePk>
<identifying>false</identifying>
<optionalSource>true</optionalSource>
<optionalTarget>false</optionalTarget>
<sourceCardinality>1</sourceCardinality>
<sourceEntity>323EF760-7BE7-030B-2A15-FD7A48C55A68</sourceEntity>
<targetCardinalityString>*</targetCardinalityString>
<targetEntity>50EC77BE-D3ED-4F87-86A0-EB7114BCBC61</targetEntity>
<transferable>true</transferable>
<deleteRule>NO ACTION</deleteRule>
</Relation>
