<?xml version = '1.0' encoding = 'UTF-8'?>
<Relation class="oracle.dbtools.crest.model.design.logical.Relation" name="Relation_12" directorySegmentName="seg_0" id="11F559C8-765C-E5AE-8E07-2CAE98A24C78">
<createdBy>umayor</createdBy>
<createdTime>2025-09-03 13:51:34 UTC</createdTime>
<ownerDesignName>modelo_v3_030925</ownerDesignName>
<engineerTo>
<item key="8A2F92C2-95B4-CFCA-78F4-4842DD3DCB77" value="true"/>
</engineerTo>
<sourcePk>BC096BDB-EF21-7C0D-BF64-A1F936319913</sourcePk>
<identifying>false</identifying>
<optionalSource>true</optionalSource>
<optionalTarget>false</optionalTarget>
<sourceCardinality>1</sourceCardinality>
<sourceEntity>DFDF74C0-954F-4C33-8EB6-6E422DD0DDEE</sourceEntity>
<targetCardinalityString>*</targetCardinalityString>
<targetEntity>C6BC8ED1-1D94-67BB-F5E1-A19D100B560B</targetEntity>
<transferable>true</transferable>
<deleteRule>NO ACTION</deleteRule>
</Relation>
