<?xml version = '1.0' encoding = 'UTF-8'?>
<Relation class="oracle.dbtools.crest.model.design.logical.Relation" name="Relation_26" directorySegmentName="seg_0" id="1DEF3ADE-AAE7-C9C2-68F5-A4E35922A1C4">
<createdBy>umayor</createdBy>
<createdTime>2025-09-03 14:26:59 UTC</createdTime>
<ownerDesignName>modelo_v3_030925</ownerDesignName>
<engineerTo>
<item key="8A2F92C2-95B4-CFCA-78F4-4842DD3DCB77" value="true"/>
</engineerTo>
<sourcePk>678E8809-2680-B656-4078-F37FF1F96A8E</sourcePk>
<identifying>false</identifying>
<optionalSource>true</optionalSource>
<optionalTarget>false</optionalTarget>
<sourceCardinality>1</sourceCardinality>
<sourceEntity>C6BC8ED1-1D94-67BB-F5E1-A19D100B560B</sourceEntity>
<targetCardinalityString>*</targetCardinalityString>
<targetEntity>50EC77BE-D3ED-4F87-86A0-EB7114BCBC61</targetEntity>
<transferable>true</transferable>
<deleteRule>NO ACTION</deleteRule>
</Relation>
