<?xml version = '1.0' encoding = 'UTF-8'?>
<Relation class="oracle.dbtools.crest.model.design.logical.Relation" name="Relation_24" directorySegmentName="seg_0" id="1FE5E35F-A688-F25F-36E2-4D6FF6201583">
<createdBy>umayor</createdBy>
<createdTime>2025-09-03 14:17:55 UTC</createdTime>
<ownerDesignName>modelo_v3_030925</ownerDesignName>
<engineerTo>
<item key="8A2F92C2-95B4-CFCA-78F4-4842DD3DCB77" value="true"/>
</engineerTo>
<sourcePk>96977396-13ED-0577-D2F8-076126D9E55C</sourcePk>
<identifying>false</identifying>
<optionalSource>true</optionalSource>
<optionalTarget>false</optionalTarget>
<sourceCardinality>1</sourceCardinality>
<sourceEntity>0E311DC9-7EEC-D4F9-69E5-40CE4BF65A92</sourceEntity>
<targetCardinalityString>1</targetCardinalityString>
<targetEntity>323EF760-7BE7-030B-2A15-FD7A48C55A68</targetEntity>
<transferable>true</transferable>
<deleteRule>NO ACTION</deleteRule>
</Relation>
