<?xml version = '1.0' encoding = 'UTF-8'?>
<Relation class="oracle.dbtools.crest.model.design.logical.Relation" name="Relation_27" directorySegmentName="seg_0" id="330A0185-FF1F-7495-3FDC-529F7EBFB554">
<createdBy>umayor</createdBy>
<createdTime>2025-09-03 14:27:18 UTC</createdTime>
<ownerDesignName>modelo_v3_030925</ownerDesignName>
<engineerTo>
<item key="8A2F92C2-95B4-CFCA-78F4-4842DD3DCB77" value="true"/>
</engineerTo>
<sourcePk>0D9A4D24-2DF0-8920-71A7-E1EEE8542B4D</sourcePk>
<identifying>false</identifying>
<optionalSource>true</optionalSource>
<optionalTarget>false</optionalTarget>
<sourceCardinality>1</sourceCardinality>
<sourceEntity>0CD1E413-8123-9F28-E608-0D54E6D97653</sourceEntity>
<targetCardinalityString>*</targetCardinalityString>
<targetEntity>50EC77BE-D3ED-4F87-86A0-EB7114BCBC61</targetEntity>
<transferable>true</transferable>
<deleteRule>NO ACTION</deleteRule>
</Relation>
