<?xml version = '1.0' encoding = 'UTF-8'?>
<Relation class="oracle.dbtools.crest.model.design.logical.Relation" name="Relation_15" directorySegmentName="seg_0" id="44D9623E-019E-F47B-21EB-9CF31B4047D0">
<createdBy>umayor</createdBy>
<createdTime>2025-09-03 13:58:47 UTC</createdTime>
<ownerDesignName>modelo_v3_030925</ownerDesignName>
<engineerTo>
<item key="8A2F92C2-95B4-CFCA-78F4-4842DD3DCB77" value="true"/>
</engineerTo>
<sourcePk>678E8809-2680-B656-4078-F37FF1F96A8E</sourcePk>
<identifying>false</identifying>
<optionalSource>true</optionalSource>
<optionalTarget>false</optionalTarget>
<sourceCardinality>1</sourceCardinality>
<sourceEntity>C6BC8ED1-1D94-67BB-F5E1-A19D100B560B</sourceEntity>
<targetCardinalityString>*</targetCardinalityString>
<targetEntity>248A707A-CD39-1E24-2747-4F93601331E9</targetEntity>
<transferable>true</transferable>
<deleteRule>NO ACTION</deleteRule>
</Relation>
