<?xml version = '1.0' encoding = 'UTF-8'?>
<Relation class="oracle.dbtools.crest.model.design.logical.Relation" name="Relation_18" directorySegmentName="seg_0" id="5F5C99B5-7495-EB30-788B-5068CF39DE40">
<createdBy>umayor</createdBy>
<createdTime>2025-09-03 14:09:45 UTC</createdTime>
<ownerDesignName>modelo_v3_030925</ownerDesignName>
<engineerTo>
<item key="8A2F92C2-95B4-CFCA-78F4-4842DD3DCB77" value="true"/>
</engineerTo>
<sourcePk>80363EBF-0EF4-4F17-9309-5A9A8C570B1A</sourcePk>
<identifying>false</identifying>
<optionalSource>true</optionalSource>
<optionalTarget>false</optionalTarget>
<sourceCardinality>1</sourceCardinality>
<sourceEntity>08F55403-A413-1A6D-0387-6EC664C071AA</sourceEntity>
<targetCardinalityString>*</targetCardinalityString>
<targetEntity>BCBAA471-4624-D3BE-E95C-0F358F5B27F7</targetEntity>
<transferable>true</transferable>
<deleteRule>NO ACTION</deleteRule>
</Relation>
