<?xml version = '1.0' encoding = 'UTF-8'?>
<Relation class="oracle.dbtools.crest.model.design.logical.Relation" name="persona_medios_de_contacto" directorySegmentName="seg_0" id="0D7D52B2-939D-17F9-672C-51CAB5A32452">
<createdBy>umayor</createdBy>
<createdTime>2025-08-27 14:40:30 UTC</createdTime>
<ownerDesignName>modelo_v2_270825</ownerDesignName>
<engineerTo>
<item key="8A2F92C2-95B4-CFCA-78F4-4842DD3DCB77" value="true"/>
</engineerTo>
<sourcePk>96977396-13ED-0577-D2F8-076126D9E55C</sourcePk>
<targetPk>40D1A3AB-DFEA-D6B3-112C-BFC6C5E1B7C2</targetPk>
<identifying>false</identifying>
<optionalSource>true</optionalSource>
<optionalTarget>true</optionalTarget>
<sourceCardinality>*</sourceCardinality>
<sourceEntity>0E311DC9-7EEC-D4F9-69E5-40CE4BF65A92</sourceEntity>
<targetCardinalityString>*</targetCardinalityString>
<targetEntity>F80B4FC5-1666-EC22-FB0C-EF9602A36F7D</targetEntity>
<transferable>true</transferable>
<deleteRule>NO ACTION</deleteRule>
<attributes itemClass="oracle.dbtools.crest.model.design.logical.Attribute">
<attribute name="id" id="3D19C411-1A25-2614-B211-E24587B73B79">
<createdBy>umayor</createdBy>
<createdTime>2025-08-27 14:40:52 UTC</createdTime>
<ownerDesignName>modelo_v2_270825</ownerDesignName>
<engineerTo>
<item key="8A2F92C2-95B4-CFCA-78F4-4842DD3DCB77" value="true"/>
</engineerTo>
<nullsAllowed>true</nullsAllowed>
<useDomainConstraints>false</useDomainConstraints>
<use>1</use>
<logicalDatatype>LOGDT019</logicalDatatype>
<dataTypePrecision>8</dataTypePrecision>
<dataTypeScale>0</dataTypeScale>
<ownDataTypeParameters>,8,0</ownDataTypeParameters>
</attribute>
<attribute name="valor" id="E8A57773-5560-1447-B766-BCAEFA03DD93">
<createdBy>umayor</createdBy>
<createdTime>2025-08-27 14:41:36 UTC</createdTime>
<ownerDesignName>modelo_v2_270825</ownerDesignName>
<engineerTo>
<item key="8A2F92C2-95B4-CFCA-78F4-4842DD3DCB77" value="true"/>
</engineerTo>
<useDomainConstraints>false</useDomainConstraints>
<use>1</use>
<logicalDatatype>LOGDT024</logicalDatatype>
<dataTypeSize>100</dataTypeSize>
<ownDataTypeParameters>100,,</ownDataTypeParameters>
</attribute>
<attribute name="activo" id="4066F4CC-FF85-5F5E-9B13-A1A3CE06FB99">
<createdBy>umayor</createdBy>
<createdTime>2025-08-27 14:41:07 UTC</createdTime>
<ownerDesignName>modelo_v2_270825</ownerDesignName>
<engineerTo>
<item key="8A2F92C2-95B4-CFCA-78F4-4842DD3DCB77" value="true"/>
</engineerTo>
<useDomainConstraints>false</useDomainConstraints>
<use>1</use>
<logicalDatatype>LOGDT006</logicalDatatype>
<dataTypeSize>1</dataTypeSize>
<ownDataTypeParameters>1,,</ownDataTypeParameters>
</attribute>
<attribute name="created_at" id="34C12DB7-80B8-6B08-DAB4-281672DFFBCF">
<createdBy>umayor</createdBy>
<createdTime>2025-08-27 14:41:17 UTC</createdTime>
<ownerDesignName>modelo_v2_270825</ownerDesignName>
<engineerTo>
<item key="8A2F92C2-95B4-CFCA-78F4-4842DD3DCB77" value="true"/>
</engineerTo>
<useDomainConstraints>false</useDomainConstraints>
<use>1</use>
<logicalDatatype>LOGDT046</logicalDatatype>
<dataTypePrecision>6</dataTypePrecision>
<dataTypeScale>0</dataTypeScale>
<ownDataTypeParameters>,6,0</ownDataTypeParameters>
</attribute>
<attribute name="updated_at" id="57DB54F4-928B-EB36-D3FF-489DD5CD87A0">
<createdBy>umayor</createdBy>
<createdTime>2025-08-27 14:41:29 UTC</createdTime>
<ownerDesignName>modelo_v2_270825</ownerDesignName>
<engineerTo>
<item key="8A2F92C2-95B4-CFCA-78F4-4842DD3DCB77" value="true"/>
</engineerTo>
<useDomainConstraints>false</useDomainConstraints>
<use>1</use>
<logicalDatatype>LOGDT046</logicalDatatype>
<dataTypePrecision>6</dataTypePrecision>
<dataTypeScale>0</dataTypeScale>
<ownDataTypeParameters>,6,0</ownDataTypeParameters>
</attribute>
</attributes>
</Relation>