<?xml version = '1.0' encoding = 'UTF-8'?>
<Relation class="oracle.dbtools.crest.model.design.logical.Relation" name="Relation_8" directorySegmentName="seg_0" id="4B8549EA-8964-5D26-A90A-01E789D78D6D">
<createdBy>umayor</createdBy>
<createdTime>2025-08-27 14:19:24 UTC</createdTime>
<ownerDesignName>modelo_v2_270825</ownerDesignName>
<engineerTo>
<item key="8A2F92C2-95B4-CFCA-78F4-4842DD3DCB77" value="true"/>
</engineerTo>
<sourcePk>96977396-13ED-0577-D2F8-076126D9E55C</sourcePk>
<identifying>false</identifying>
<optionalSource>true</optionalSource>
<optionalTarget>false</optionalTarget>
<sourceCardinality>1</sourceCardinality>
<sourceEntity>0E311DC9-7EEC-D4F9-69E5-40CE4BF65A92</sourceEntity>
<targetCardinalityString>*</targetCardinalityString>
<targetEntity>8ADBEF14-65E7-DA67-720C-49207C4C8131</targetEntity>
<transferable>true</transferable>
<deleteRule>NO ACTION</deleteRule>
</Relation>