<?xml version = '1.0' encoding = 'UTF-8'?>
<Entity class="oracle.dbtools.crest.model.design.logical.Entity" directorySegmentName="seg_0" id="0887576D-942C-71CA-2ADE-59D5BDA9D3A2" name="patrocinador">
<createdBy>umayor</createdBy>
<createdTime>2025-08-20 14:24:40 UTC</createdTime>
<ownerDesignName>modelo_v2_270825</ownerDesignName>
<engineerTo>
<item key="8A2F92C2-95B4-CFCA-78F4-4842DD3DCB77" value="true"/>
</engineerTo>
<adequatelyNormalized>NO</adequatelyNormalized>
<expectedVolumes>0</expectedVolumes>
<fwdEngineeringStrategyName>Single Table</fwdEngineeringStrategyName>
<growthPercent>0</growthPercent>
<growthType>Year</growthType>
<maxVolumes>9999999</maxVolumes>
<minVolumes>0</minVolumes>
<normalForm>Third</normalForm>
<attributes itemClass="oracle.dbtools.crest.model.design.logical.Attribute">
<Attribute name="id" id="61198BBB-1A66-32F6-42CF-28D0F754677A">
<createdBy>umayor</createdBy>
<createdTime>2025-08-20 14:24:40 UTC</createdTime>
<ownerDesignName>modelo_v2_270825</ownerDesignName>
<engineerTo>
<item key="8A2F92C2-95B4-CFCA-78F4-4842DD3DCB77" value="true"/>
</engineerTo>
<useDomainConstraints>false</useDomainConstraints>
<use>1</use>
<logicalDatatype>LOGDT019</logicalDatatype>
<dataTypePrecision>8</dataTypePrecision>
<ownDataTypeParameters>,8,</ownDataTypeParameters>
</Attribute>
<Attribute name="nombre" id="41A08FE1-D853-2308-2D53-F2EE2DFD0D6F">
<createdBy>umayor</createdBy>
<createdTime>2025-08-20 14:24:40 UTC</createdTime>
<ownerDesignName>modelo_v2_270825</ownerDesignName>
<engineerTo>
<item key="8A2F92C2-95B4-CFCA-78F4-4842DD3DCB77" value="true"/>
</engineerTo>
<useDomainConstraints>false</useDomainConstraints>
<use>1</use>
<logicalDatatype>LOGDT024</logicalDatatype>
<dataTypeSize>50</dataTypeSize>
<ownDataTypeParameters>50,,</ownDataTypeParameters>
</Attribute>
<Attribute name="activo" id="AC4AD705-98EB-F06E-209C-D71C5813223F">
<createdBy>umayor</createdBy>
<createdTime>2025-08-20 14:24:40 UTC</createdTime>
<ownerDesignName>modelo_v2_270825</ownerDesignName>
<engineerTo>
<item key="8A2F92C2-95B4-CFCA-78F4-4842DD3DCB77" value="true"/>
</engineerTo>
<useDomainConstraints>false</useDomainConstraints>
<use>1</use>
<logicalDatatype>LOGDT006</logicalDatatype>
<dataTypeSize>1</dataTypeSize>
<ownDataTypeParameters>1,,</ownDataTypeParameters>
</Attribute>
<Attribute name="created_at" id="D6A26FAA-7C56-2D39-AB3F-B58F5C7FF5CA">
<createdBy>umayor</createdBy>
<createdTime>2025-08-20 14:24:40 UTC</createdTime>
<ownerDesignName>modelo_v2_270825</ownerDesignName>
<engineerTo>
<item key="8A2F92C2-95B4-CFCA-78F4-4842DD3DCB77" value="true"/>
</engineerTo>
<useDomainConstraints>false</useDomainConstraints>
<use>1</use>
<logicalDatatype>LOGDT047</logicalDatatype>
<ownDataTypeParameters>,,</ownDataTypeParameters>
</Attribute>
<Attribute name="updated_at" id="9AC258F3-746D-0EE7-18D4-B9F76177C255">
<createdBy>umayor</createdBy>
<createdTime>2025-08-20 14:24:40 UTC</createdTime>
<ownerDesignName>modelo_v2_270825</ownerDesignName>
<engineerTo>
<item key="8A2F92C2-95B4-CFCA-78F4-4842DD3DCB77" value="true"/>
</engineerTo>
<useDomainConstraints>false</useDomainConstraints>
<use>1</use>
<logicalDatatype>LOGDT047</logicalDatatype>
<ownDataTypeParameters>,,</ownDataTypeParameters>
</Attribute>
</attributes>
<identifiers itemClass="oracle.dbtools.crest.model.design.logical.CandidateKey">
<identifier id="038CE49C-C57D-637B-3317-69364FDF23EC" name="patrocinador PK">
<createdBy>umayor</createdBy>
<createdTime>2025-08-20 14:24:49 UTC</createdTime>
<ownerDesignName>modelo_v2_270825</ownerDesignName>
<engineerTo>
<item key="8A2F92C2-95B4-CFCA-78F4-4842DD3DCB77" value="true"/>
</engineerTo>
<pk>true</pk>
<usedAttributes>
<attributeRef>61198BBB-1A66-32F6-42CF-28D0F754677A</attributeRef>
</usedAttributes>
</identifier>
</identifiers>
</Entity>