<?xml version = '1.0' encoding = 'UTF-8'?>
<Entity class="oracle.dbtools.crest.model.design.logical.Entity" directorySegmentName="seg_0" id="C116FE45-03B7-C981-363F-98F114522AD4" name="organizador">
<createdBy>umayor</createdBy>
<createdTime>2025-08-20 14:23:28 UTC</createdTime>
<ownerDesignName>modelo_v2_270825</ownerDesignName>
<engineerTo>
<item key="8A2F92C2-95B4-CFCA-78F4-4842DD3DCB77" value="true"/>
</engineerTo>
<adequatelyNormalized>NO</adequatelyNormalized>
<expectedVolumes>0</expectedVolumes>
<fwdEngineeringStrategyName>Single Table</fwdEngineeringStrategyName>
<growthPercent>0</growthPercent>
<growthType>Year</growthType>
<maxVolumes>9999999</maxVolumes>
<minVolumes>0</minVolumes>
<normalForm>Third</normalForm>
<attributes itemClass="oracle.dbtools.crest.model.design.logical.Attribute">
<Attribute name="id" id="5E0B8DDE-9A48-4033-FF66-87C86EBC915C">
<createdBy>umayor</createdBy>
<createdTime>2025-08-20 14:23:28 UTC</createdTime>
<ownerDesignName>modelo_v2_270825</ownerDesignName>
<engineerTo>
<item key="8A2F92C2-95B4-CFCA-78F4-4842DD3DCB77" value="true"/>
</engineerTo>
<useDomainConstraints>false</useDomainConstraints>
<use>1</use>
<logicalDatatype>LOGDT019</logicalDatatype>
<dataTypePrecision>8</dataTypePrecision>
<ownDataTypeParameters>,8,</ownDataTypeParameters>
</Attribute>
<Attribute name="nombre" id="98FB2B6D-5B09-F7B2-2C98-0FCF5ECC6D3A">
<createdBy>umayor</createdBy>
<createdTime>2025-08-20 14:23:28 UTC</createdTime>
<ownerDesignName>modelo_v2_270825</ownerDesignName>
<engineerTo>
<item key="8A2F92C2-95B4-CFCA-78F4-4842DD3DCB77" value="true"/>
</engineerTo>
<useDomainConstraints>false</useDomainConstraints>
<use>1</use>
<logicalDatatype>LOGDT024</logicalDatatype>
<dataTypeSize>50</dataTypeSize>
<ownDataTypeParameters>50,,</ownDataTypeParameters>
</Attribute>
<Attribute name="activo" id="AECF9D70-8BB8-C6AA-E2B3-C33A370E909F">
<createdBy>umayor</createdBy>
<createdTime>2025-08-20 14:23:28 UTC</createdTime>
<ownerDesignName>modelo_v2_270825</ownerDesignName>
<engineerTo>
<item key="8A2F92C2-95B4-CFCA-78F4-4842DD3DCB77" value="true"/>
</engineerTo>
<useDomainConstraints>false</useDomainConstraints>
<use>1</use>
<logicalDatatype>LOGDT006</logicalDatatype>
<dataTypeSize>1</dataTypeSize>
<ownDataTypeParameters>1,,</ownDataTypeParameters>
</Attribute>
<Attribute name="created_at" id="B2631171-296C-D2C0-A1E0-7E1C84F739DB">
<createdBy>umayor</createdBy>
<createdTime>2025-08-20 14:23:28 UTC</createdTime>
<ownerDesignName>modelo_v2_270825</ownerDesignName>
<engineerTo>
<item key="8A2F92C2-95B4-CFCA-78F4-4842DD3DCB77" value="true"/>
</engineerTo>
<useDomainConstraints>false</useDomainConstraints>
<use>1</use>
<logicalDatatype>LOGDT047</logicalDatatype>
<ownDataTypeParameters>,,</ownDataTypeParameters>
</Attribute>
<Attribute name="updated_at" id="C8D40088-1F1C-093F-9F1F-2B9866555AF8">
<createdBy>umayor</createdBy>
<createdTime>2025-08-20 14:23:28 UTC</createdTime>
<ownerDesignName>modelo_v2_270825</ownerDesignName>
<engineerTo>
<item key="8A2F92C2-95B4-CFCA-78F4-4842DD3DCB77" value="true"/>
</engineerTo>
<useDomainConstraints>false</useDomainConstraints>
<use>1</use>
<logicalDatatype>LOGDT047</logicalDatatype>
<ownDataTypeParameters>,,</ownDataTypeParameters>
</Attribute>
</attributes>
<identifiers itemClass="oracle.dbtools.crest.model.design.logical.CandidateKey">
<identifier id="E65D0E6A-19AE-E3C9-9EE7-07ED1BE1D161" name="organizador PK">
<createdBy>umayor</createdBy>
<createdTime>2025-08-20 14:23:45 UTC</createdTime>
<ownerDesignName>modelo_v2_270825</ownerDesignName>
<engineerTo>
<item key="8A2F92C2-95B4-CFCA-78F4-4842DD3DCB77" value="true"/>
</engineerTo>
<pk>true</pk>
<usedAttributes>
<attributeRef>5E0B8DDE-9A48-4033-FF66-87C86EBC915C</attributeRef>
</usedAttributes>
</identifier>
</identifiers>
</Entity>